uid,vbm_vac,cbm_vac
Al4Se6-94e3879ea6f4,-5.721851811138029,-3.260350075520851
Ga4Se6-745ac2c02290,-5.361329977931964,-4.107376970352831
Rh4S6-8b9bae6d7bb2,-6.522186205965298,-5.361080219426787
Tl8Cl12-3ec6314ce711,-7.080793501700436,-4.2104343914067055
F4Hg10-375f0d537a31,-5.271947487965949,-3.7278713810934625
Ag6I6-358f0b92a506,-6.224219950401446,-3.7283204183252083
Au4Br4-9c3510d5cc93,-6.486306719956426,-4.1588529191427375
O4Sn4-9e927176ee5d,-5.328031673573738,-2.716867498361049
O2Tl4-e252a63bf797,-5.328121664504256,-3.85955416329251
PdS2-579abc660e14,-6.101812113508609,-4.310794164979923
S2Tl4-2a6cbd3bf0fe,-4.915554144739437,-3.0579254362400103
Si4Se8-5b362da3e514,-5.491564233212842,-3.5360162217828557
Zr2S4-a55889608d44,-6.36521210872821,-4.645900802912135
Hf2I4Se4-3348a6ae5235,-6.116635838892977,-3.7716719205003577
Y2Cl4S4-0def687a058e,-7.108631863648203,-4.68374057531836
Mn4Cl12-3774d6515d6d,-8.332951168344533,-6.414198467754185
Pd2F6-49af28b389bc,-9.968146471487952,-8.174080319964167
Br2Hg2I2-da752997d751,-6.971133272859426,-4.608399814411698
Cl4Te4Y4-68bd2d3bef14,-6.104887432132481,-4.931203280647572
Cu2Li2Se2-2b26671e271d,-4.654103107220946,-2.23533716239493
Li2Te2Tl2-6bb6f493d15f,-4.215875851963768,-2.6830980528098713
Au2Cl2Se4-53f61cc3310f,-6.45035473828449,-4.864467319058393
Au2Cd2I6-20d6eb749f76,-6.09402973397996,-3.8156203843374223
Nb3Br8-61fe84ff83bc,-4.711835069487105,-3.7266140871583042
Te2Cu4O12-9bcfc588457b,-9.401349190142454,-7.663115151585991
Mo2Br4O4-7a7b281fd1f2,-7.682509660497049,-5.000348076838805
Nb2Cl4Se4-d3bc2aa84672,-5.530143593549052,-3.7065775749956043
P2Pd3S8-5f5b58eadba4,-7.408676903571012,-4.533091404572093
AgScP2Se6-83b1fde87e6b,-6.322800714950714,-3.547329003867014
Ge2Te2-c7bb6cd479a9,-4.863167513602422,-3.3802478303146035
Br2Cl2Zr2-0799730ffd45,-4.576728057271685,-3.4298480406204996
F2Pd2-28a66c9b9a33,-8.987571243870129,-6.797218352919254
I2Zn2-748053f4b718,-5.988262070998509,-3.1057979342856825
In2Se2-eb204c739879,-6.368504840567881,-4.31322626981141
Pb2S2-d4ed2cd9ee0c,-4.926942172057327,-3.1206989148251534
MoS2-b3b4685fb6e1,-5.984825138855917,-3.8973857882186564
PbBr2-0dc6977a707b,-7.599943902958844,-4.674326917201302
SnSe2-bfa429d647f9,-6.021917393119287,-4.269636315500871
TiS2-69e1739b4521,-6.104120702914494,-4.919974071971595
VTe2-45a0c1470922,-4.998652161757439,-4.144622191335129
YCl2-097c5f54659a,-4.222089638594795,-3.2230915506966227
SSb2Se2-7c436126f878,-5.764414723558719,-4.833343503930811
TeSb2Se2-bd9858a68aa6,-5.761817852256713,-4.7401150278739355
MoW3S8-2f6f133abcc8,-5.7495841205870075,-3.6851678685322256
Al2I2Se2-c5dc6126821b,-6.169962173162647,-3.930536306098081
BiBrS-49b7be14f786,-7.089896809145532,-5.48975232505205
BrClZr-8cb69386d06b,-3.8725252916335537,-2.47598833090231
Cl2Ir2S2-4064ccdd7b40,-6.287882038814086,-5.087259529789815
Cr2I2S2-a68f6e0481d3,-6.073716147620038,-4.52552064006912
HfSSe-63618e5bf062,-6.128616776784435,-4.6167014373694855
Ag2Br2S4-5979f170cce4,-7.033304318303061,-4.790814304057491
Br2Cu2Se4-f0ed4ed73f83,-7.0469946993420995,-4.731758484068392
Ge2P2S6-57b6b4812de1,-6.157166336877499,-4.061610734421216
P2Sc2Se6-093920d00119,-4.988052253355083,-3.7742578389512356
MnZrI6-87bf2615c49d,-6.453630083412189,-3.8946792505827617
ClScTe-e11ecf94c06b,-5.1423943256827735,-3.335383801654968
PtSSe-c22340ccd3cb,-6.36099689776261,-4.34447416455218
Br2Nb2Cl4-2aa0d5c122cd,-5.181872604409119,-3.982475027525544
BrClGe2Se2-48970463a952,-6.6920835436210675,-3.9951024754752087
GeHfBr2S2-5b661abc9f33,-5.8751254405283495,-4.441349324287299
ClIHf2Br4-ee53324331e5,-4.572344132983167,-3.425895734992974
SSeOs2Cl4-5e769803e272,-6.282241436292156,-5.389302658795694
PtSnS4-07af462ef271,-6.750537515670539,-4.62875875151209
PdSSePt3Cl6-251abeb569bc,-6.785486082244514,-5.456346773498286
Cu2I2Se3P4-52ff56e72653,-6.461134434209716,-4.159591227487606
Ga4S6-2346f2bd5b6e,-7.254218834362376,-4.680398070836453
In8Te12-299989d0a802,-5.123182514715342,-3.5383949443646
P4S6-15eab22a3053,-6.3863655985217065,-3.6901521671153317
As2Te2-a6cfc731ed2a,-5.351370161321269,-3.8552315841772176
Au2I2-72fced2a2635,-5.205192990473698,-2.6197344911210596
Cl2Si2-de99866f4532,-6.332718885050529,-4.303543771586078
Si4Te8-eebb2a0bbfc2,-5.4011483488246865,-3.460903297129099
S4As8Se8-c1438439fab1,-5.911756384213989,-3.744950631307612
In2Pt4Se6-296116bc2733,-5.56444481207746,-3.875071260825722
CdIn2S4-acb1f2e42bb9,-6.1768228331361685,-4.676939957066792
MgAl2Te4-a39c84e5416d,-4.59979012904738,-3.4395437733568186
MnBi2S4-51447163e54b,-6.291012491066733,-5.095564099569802
MnSb2S4-26978a157bac,-5.692121744822736,-4.51415093353545
Br2Ta4S12-222629b21051,-5.338884624866271,-4.3568859559055175
F2Re6Se8-0658a102a69f,-6.617177702833963,-4.659783893587163
ONb3Br7-7a93393f8917,-5.781258260333052,-4.340026274683656
SeNb3F7-d71ce729fec2,-5.712543484734744,-3.9052326565382063
Os2F8-4b46fafbea0d,-8.27924559958155,-6.03966413587691
Ag4Br4Se4-e1f92c47611e,-7.280123592560624,-6.066760452301668
Al2I2S2-21160492f9c0,-6.0645246942149305,-3.630398591792254
As4Se4Si4-1f88feef021e,-6.09933321023312,-3.198001257034808
Au4Cl4Te4-2b5009d03745,-6.800952999611628,-4.876920014408834
Ga4I4Se4-252d6927ebb0,-6.515631584465109,-3.694287732199027
Ge2In2Se2-828125a7a42c,-5.71902127613596,-4.7143702400220455
I4In4S4-c22849315c7c,-6.857533503298708,-4.068554382149848
Cl2Cu2O4-2c6b186a1cb6,-7.90652288043756,-6.619441171480748
Li4P4S8-f24c970ebe81,-6.174674828221443,-3.8850189567903737
AgCrP2Se6-20616754001c,-6.031611277091826,-4.242829742594772
AgSbAs2S6-18254fe4e1c7,-6.457931196654503,-4.615180162845432
AlNaAs2Se6-25c8822229fc,-6.33686358087966,-4.587282193581817
CoNaP2S6-7d2f5f69904a,-6.878630719871468,-5.02719946391422
CrCuP2Se6-33fb880693b8,-6.208807167533103,-4.0359070220612345
Al2Ge2Te6-2dd60af636eb,-5.369496653341733,-3.893463969291545
Cr2Ge2S6-9aa191aaa6de,-6.5681399058747365,-4.340810466237329
Cr2Si2S6-4b0c7f48554c,-6.676603763342843,-4.092339281610244
Ge2In2S6-a958f89dfd93,-6.890975758982851,-4.462292363134971
Pd2S2O6-ce3f7283c436,-7.097932682332697,-4.803651105348575
Na2Nb2Br12-4b5f0446f798,-7.545936196319444,-4.633834275251712
PdZrI6-d4cae93ebff3,-6.1201449097812795,-4.77942804291947
Ag2Cd2I2Te2-398eefe20b86,-5.748437228081468,-3.7016322666105146
Au2Cl2Hg2Te2-748164498b7f,-5.410189730187293,-4.320392391697609
Br2Cu2Hg2S2-e2a85443c441,-6.748633367464307,-4.648124793225275
Cu2Hg2I2S2-ee7456587b46,-6.307068706752371,-4.268577298992094
As4Ba4Cl4S8-492686e588ec,-6.549999962410585,-3.628834531870868
Ba4F4Sb4S8-3abafc55f05c,-6.301248093893454,-3.5522752449117165
Bi2Cd2I2O4-b35fe5e97b61,-6.379889978738401,-3.78194627543193
Br2Mn2Sb2S4-1e307d026f9b,-5.628846505347061,-3.9992737362945383
K2N2O2Ru2Cl10-23f894e360fa,-7.732954117613667,-6.1748684158502645
N2O2Os2Rb2F10-b8e057a01919,-7.865779927220248,-5.001326626474734
Ga4Te6-ef022c1696e1,-4.690639542892373,-3.9599373874637336
Tl2S3-786ba8797ca3,-4.18795839023075,-2.624308458371313
Ge6P8-4eef99521466,-5.508558915314165,-3.946735513587529
O6Sn6-41ef2dd0fa90,-5.315049602332702,-2.6081869929668793
OTl2-c69b72d32e1e,-5.009611205498372,-3.504131871560504
Pd2Se4-c18634586663,-5.346986888904635,-4.113375291349424
Si2Te4-bc88b3173c53,-4.8094541192669125,-3.7211680204357718
Te2Ag4-852a59b5861a,-5.852023916497306,-4.4114220825318
Zr2Se4-fdeece8ac588,-5.635183994092946,-4.503792225780635
Hf2I4Te4-10f5ccf64f8b,-5.46407805453729,-3.803750803048523
Au2Br6-eb4902b824c6,-7.106558158561782,-5.463132541905164
MnI4-236fde0b9f48,-6.314724570932441,-4.366292837824725
As2Re2Se2-6a32e9ba0b83,-5.346540483213634,-3.9674804648043582
F2Se2Y2-a261ea6e24e0,-6.854111014432833,-4.424234666776242
Ag2Ni2I6-0bf3bb0cc838,-5.942177251376947,-3.8947555390348385
Nb3I8-7a3db0aea4eb,-4.447964692737093,-3.6234939185948116
Cr2Ge2Te6-494eb20d87cf,-4.976244018104959,-4.1022051977511165
Cl2Ga2Te2-f14f92f16185,-7.051936279890347,-4.15865596269934
Mg2P2Se6-b590f2f91f9c,-6.528425177725723,-3.564363037582411
I2Nb4Te12-56d4cc450d20,-4.932480390744768,-3.7979063295062163
Pd2I4O12-0e4b12baccea,-7.08724627154497,-4.355256727970011
In2Se3-1f1215531144,-6.2652786715473106,-4.833044467001992
Br4Cd4-4abaff3d73f4,-6.021354039133355,-4.2505259543651235
Zr2Cl4-05e387003989,-4.699689390274822,-3.5391351959130013
Br2I2Zr2-a00011c64bba,-4.350279196452266,-3.3524389883076893
Al2Te2-1584210aaef9,-5.634128417670434,-3.03603267372711
Au2O2-c99b8d2aa925,-5.9100565695334595,-5.045006508603819
Ge2H2-c6017e131897,-5.2182371804629035,-3.729886546095807
I2In2-9ab97b2e26fc,-5.723371357173343,-4.388735643869756
CdI2-b474b300c0f6,-6.617451012493092,-3.6251716990328386
Hf2Cl4-ddc64205f942,-4.7366494510791775,-3.311788065040826
Os2S4-e187219404db,-6.060206027047308,-4.673354480262289
PdSe2-f7acacb69123,-5.675054066511809,-4.768751126449447
TiCl2-95688ba68ca1,-3.9896848125126505,-2.5942165586632906
Zr2Br4-112846d9ccdd,-4.48489198413976,-3.3467096560486187
CF2Sc2-b592b469c203,-5.359035358593837,-3.2924523105831667
SSb2Te2-46c4fdc6b66a,-5.246096937726311,-4.356381744139652
WAg2S4-b2684e86acec,-6.266173850508426,-3.783852681352374
Ti2I6-0e99355f14de,-5.014114605975705,-3.8726918668408197
CrMo3Se8-a7233837cfe9,-5.240880098506124,-3.8086902923876695
MoW3Se8-24d6cc0a0fed,-5.072779394749577,-3.3241555802704488
Bi2Br2Se2-d2aaca216b91,-7.055306600737101,-5.815048949725257
Cr2I2Se2-b4069f8b7f1c,-5.783345220080217,-4.887850198259814
I2Ir2S2-3b5f1a6b5904,-5.17962819577811,-4.181903825720369
MoSTe-e4bb8738150a,-5.324557985682551,-3.7393311684996484
STeW-75ee10091f43,-5.183599494494899,-3.5029748960495906
Ag2Br2Se4-c7e3d505588c,-6.831152557397258,-4.569261566971812
Br2Cu2Te4-af27d0354197,-6.437454161954487,-4.138356381413294
Cd2P2S6-ebcb2404504e,-6.876460406559326,-3.9557945613069587
Ge2P2Se6-6152fa4b5f1b,-5.637414964996138,-4.017640149875221
S3Pt4Se5-5fc6cc7a5edb,-6.1521322097082205,-4.323019479612536
SeBr2S3Cl6Cu6-2e139be2d093,-7.656070394231134,-6.908602648845958
BrCoSe-a225895fdece,-6.391847238199864,-4.2386681791583065
ClIY-b9c6f7113846,-3.8477799737981595,-3.074573120464476
PtSeTe-fd9d812af0a7,-5.230360177284849,-4.13859220473684
AgGaI2-6873c4fb3fe1,-5.82518062362616,-3.474275479639389
AlGaSe2-206ba2b10795,-6.268348906687507,-3.503349161969814
Br2Pd2Cl4-3e7201c5026b,-7.0834866768350055,-5.967152189407603
Pd2Se2Cl4-cee0f85d7ac2,-6.927938365295135,-5.482539658054842
GeHfCl2S2-cbc19415e727,-6.205172812508923,-4.61085137948229
AuInF4-301f3625a64d,-6.978008243223437,-4.871747726630139
MnScBr6-055aa302f46e,-7.505089525874945,-5.6786677858127685
AuInSI2-434ef365aa90,-6.14063692797947,-4.492991179447272
AgGeTaCl2S4-3163199558eb,-7.008513801291953,-4.737419720774816
ClISSeGa2-5d39d23a1273,-6.325528389004706,-4.548582300619179
Ag2Br2Te3P4-669d0a2f0781,-6.347848643567611,-4.194926282545597
Ag2Cl2Te3P4-aa4dfba07ed5,-6.37892536640789,-4.175443956939999
Ag2I2S3As4-a28641578a30,-6.192890829273091,-3.6062596765627366
Cu2I2Se3Sb4-280fb4cb8502,-6.012351964169869,-3.6998210551168533
P8S12-7ed339b2861e,-6.165623893727652,-3.521889168454951
Sb4S6-9f482edd57c8,-6.1956310605350895,-3.5604721221484734
Ga2S5-8e9b9dd2745c,-6.278251996158247,-3.5348148656077254
Br2Pt2-046bb8e1f5ad,-5.843828864096264,-4.18122286110038
Ag4Cl8-7633f3ab22dd,-7.89722992226375,-6.926472461671263
TiF2-32023209e1ed,-5.041891563023788,-2.94569630989853
CCl2Y2-b1df83523998,-6.225435453567374,-4.462117746405624
Nb2F4S4-af2641393eed,-5.873719056482838,-3.3787743511704798
O4Bi8S8-e405582de995,-5.958451886383935,-3.7463832672623396
CdBr2S2Sn2-b019e1dc0a75,-5.86149187868917,-3.106009275276917
In2Pt4Te6-ccb20f424df0,-4.973661623611709,-3.9932246029247676
MnBi2Se4-68c6b97062ee,-5.780441020348018,-4.927850777093113
Br2Ta4Se12-e7cb5939f2d3,-5.113509087018759,-4.044422151617013
Te2Au4O12-28d83fd56dee,-8.792222995770864,-6.325150731160325
W2Cl6-33e727fa61ed,-5.652315018833821,-3.685011877832737
F2Re6Te8-9c14050b19df,-5.421308110388224,-4.416647670220808
ONb3Cl7-b0ea7b06159c,-6.022505575235973,-4.428456341698716
SeNb3I7-50ae3c19a451,-5.271670800733627,-4.036967121609095
WMo3O8-e1c457f3347e,-6.923841005343518,-5.193170148322686
Ag4I4Se4-b171566489d4,-6.758072623943789,-5.727329008618794
As4Ge4Te4-2cdaa30fafb0,-5.485480995649276,-3.6145663783330164
As4Ni4S4-1abc6049acf8,-6.669596855627164,-5.162299303934793
As4Se4Sn4-acd25d59f2a5,-6.20599367590852,-3.9620993713709343
Cl4Cu4Te4-295d4ecba432,-6.963666419445584,-5.624853626670694
Cl4In4Te4-bd07a75bffff,-6.920052218224003,-4.004506512036998
Cu4F4O4-3159950a25d5,-10.391789147946872,-8.133219393857651
F2In2S2-0970ccbd0b95,-7.036766808498909,-5.163361858778761
I2In2Se2-8df6130b22de,-6.516755322249328,-4.658794767900037
P4Se4Si4-a98aaeb81717,-6.110288374513669,-3.281036055726969
Sb4Se4Si4-5560e1e76bb5,-5.748695166410858,-3.1626666998032613
Cl2Cu2S4-9e53564ef59b,-7.582196717964898,-5.219619792231758
Cu2F2Se4-b98410f09ff7,-6.9500015966038875,-4.679839908601438
AgSbAs2Se6-95db4854d7c8,-5.9271654803215785,-4.7468651552119825
AgVAs2Te6-32a9d0a80f98,-5.280723808181397,-4.362698532431977
BiCuAs2S6-409ff96a31e4,-7.015045517491877,-4.765276405367768
CoNaP2Se6-ae85a1760176,-6.3901335730458,-4.672642856622625
InLiP2Se6-1967643cffed,-6.4674618034827,-4.015210708533701
Cr2Ge2Se6-6e4ba1cb65ab,-5.877628617443754,-4.141325111611529
Cr2Si2Se6-9cf882a045e7,-6.012030733580577,-4.067299097384068
Ni2Te2O6-52e928ad4637,-5.692510621917196,-3.470259414400501
Pd2S2O6-2b8a6600036a,-7.3239076603886595,-4.473177374783862
V2W2O10-d726186fc744,-6.827229023513301,-4.185469880375117
K2Nb2I12-cb84666ef68b,-6.29175182999737,-4.57600654972863
Br2Cu2Hg2Se2-e57b897993a1,-6.726982656028866,-4.4744750175546795
Cu2Hg2I2Se2-50bec13077d7,-6.271188267582289,-4.307844448138701
As4Ba4Cl4Se8-23ce1fab46a5,-6.176818014461543,-3.7730613126049404
Ba4Bi4F4S8-6677e580df88,-6.155966347011382,-3.801562437268151
Ba4F4Sb4Te8-5d148bf27c88,-5.387136710993777,-4.49095579957915
Bi4F4Sr4S8-74456ad23fba,-5.75701142791567,-4.375742048834242
CdInTlS4-45a399554d0c,-6.322538016628407,-5.195241145633526
C2K2O2Os2F10-96f0ea060310,-8.274742566370344,-6.444070028861674
Cr4S6-fa071252ce1a,-6.859825463834137,-4.707961803317884
Tl2Se3-f96266dd61ae,-4.044575887165018,-2.873080080237671
Cl6Cu6-7db5187e1c43,-7.122234370327067,-4.800461480450285
Pb6S6-280f1f2bdfb8,-4.828836738596941,-3.8121337053120294
Pb2Br4-acc12016f174,-7.402266345909802,-4.550596083477638
Ti2Br4S4-49155d90cacd,-6.560198575382654,-4.07794652581584
As2Be2Li2-5f6f4bba722a,-3.5612804282769677,-1.6416229041832051
As2Re2Se2-cd1b3e6b881f,-5.313488827988277,-3.883771653107495
Be2Na2P2-97869c63c58b,-2.26355876022832,-1.2027890714553129
Br2Cl2Pt2-5127b427ac64,-6.677684946540944,-4.423027669908745
Cu2S2Tl2-3253e46a5176,-5.056669287230274,-3.8886154478771098
N2Nb2Se2-0e7e593fc5c8,-4.582458532556929,-3.863665034660691
Bi2H2S4-96646551eb97,-6.314089492707117,-4.733377893567066
Ag2Cd2I6-dfeda53e5478,-6.420882322087321,-3.6046486596774048
Au2Hg2Br6-522c11c822b3,-6.7140311453582395,-5.06675121822292
Bi2Se3-411e90e87392,-6.363035160665145,-5.63133537126129
Cr2Si2Te6-64781dd6f055,-4.99420929799944,-3.973343170057357
Cu2Sb2S4-65d9e486a5d3,-5.215226207195409,-3.8045432215691557
Ga2In2S6-6f15ed00a3e7,-7.427472061255911,-4.596805911267362
SNb3Br7-fcaffc8889e4,-5.677687383309559,-4.152961749380275
Si2Nb4Te8-1d32f2bca255,-4.642872904548017,-3.921295093041274
Pd2Se2O6-11fca06326ed,-6.256407490825939,-4.074311664994148
Cl2Re6Se8-a9e814a64331,-6.706638262881723,-4.811301440879856
AgVP2Se6-f686893f02e6,-5.936415189519637,-4.138412777559649
Cd4Cl4-7bb904d70787,-6.695413321658686,-4.385209652683519
Cl2I2Zr2-9bc6e0a00d31,-4.416414721218242,-3.4196915859337453
Ag2Br2-9d25bdce5cb7,-7.230047490267512,-4.267670456676904
In2Te2-3cf9ea4cebc4,-5.612289358119631,-3.904469004558129
Se2Tl2-16490f81af26,-6.249197282534338,-5.415605925166043
Fe2Se4-5f4dce912dea,-5.74023410807611,-4.6868158741530275
GeSe2-8af45b2cf14e,-5.562915756697855,-4.114778417735444
HfS2-d48ddb34811e,-6.890618476714284,-4.742600867983647
Ni2S4-f295a651d590,-6.608949456961838,-4.37827427284152
Pd2Te4-7af34a9daaff,-5.618283333051709,-3.8752735777005336
Rh4S8-eb7f99d79736,-6.734373997174366,-5.332650628210429
ScCl2-945f3bbaeedc,-3.926346281947478,-3.1905528168629753
WAg2Se4-9f6654987212,-5.7104426820914505,-3.6713966001079377
ReCu2I6-ec359e53fb49,-6.374366209729652,-4.781964777315993
CrMo3Te8-159f028a85d0,-4.73922783540444,-3.634556085700882
MoW3Te8-5c3fe56a1a89,-4.578626259514621,-3.359074574216939
BrClHf-72257f9ad66d,-3.6936603661370215,-2.3327270115693057
Br2N2Ti2-bbcb5bbdd462,-6.759919714207372,-4.675716270114191
CrSSe-09e1e5ef94cb,-5.464289922008513,-4.223614615950045
MoSeTe-42eb12e7b656,-5.090794053704917,-3.4967799686210097
Ag2Br2Te4-ce52fbc99f30,-6.217872424335734,-4.163351119277631
Cd2P2Se6-0460cce85156,-6.186405008909043,-4.036590488811758
Ge2P2Te6-e8f4b479deef,-5.136810544754878,-3.88738673788604
P2Sn2S6-aa34f4a1c451,-5.951256339159379,-4.2504150762166315
SnBr2S2-1763a0cc8c28,-6.974805464007904,-5.485192751403507
IO2V2Br3-32ee09ba6c68,-5.658239397438214,-3.801047081693314
SeS3I4Pt4-f58c847a612d,-5.792095248518427,-4.337023454067936
ZrHf3S8-c2da921ba360,-6.90895523356556,-4.780784929158204
BrCoTe-fe16216ecd28,-6.006249864102129,-4.19585035378044
CoITe-745c4ca7c851,-5.025004391045785,-4.054098658258035
PdTiS2-f687a834fe7f,-5.591385380122578,-4.0343182607159
GaInBr2S2-0b0f2ac383e0,-7.209793901002269,-4.473822739438429
SVAu2I4-af780a05340e,-6.210756908010609,-4.147576761404781
Au2Mn2I8-1261d6ca0c79,-5.739992367617617,-4.953326505666055
CuMnCl6-4b23ce9d86c4,-8.414988388940168,-6.1572483422697974
MoOsCl6-eb3e088baecc,-6.216904851213927,-4.207787187437872
BrCuGeTe-4bc4f5af9ab3,-5.493031806337745,-3.952807289621846
ClISBr2Se3In4-8dc42ca36c9d,-7.088357361584178,-4.791498043033253
IOsPtBr5-bd1be302c215,-5.732997911409647,-4.881200537780519
ClGeMnSTe2-0e03f3dc6a66,-6.020964597234652,-4.960686309705449
Al2Mn2Se5-f785b5c09e65,-4.629396385212132,-3.1302098468383948
As2Te3-410fc8c2a877,-5.105878924957525,-4.2034338173481585
Sb4Se6-1737b997612b,-5.724839752122779,-3.6641196698044523
Ga2Te2-9ae091933425,-5.237802121111521,-3.8257941375328715
Ag4F8-dd721275faa7,-8.789963305734297,-7.152644681030205
Pt4Br8-92661a6912ae,-6.74755640792972,-4.20997706500083
Nb2F4Se4-1b6d03d0cb7a,-5.421190390411311,-3.585546304251488
O4Bi8Se8-4ea8ee47746b,-5.634366733939412,-3.8982126630382274
W2Br4O4-e8077b1ac9db,-7.58992139490454,-5.2416615248657985
MgGa2S4-2acc5ca1cc95,-6.229337688727972,-4.078676548627414
Br2Ta4Te12-9586f9422a6f,-4.832913345998566,-3.7403073163685034
Cl2Nb4S12-53119d609e40,-5.439175414793496,-4.574312195566564
Mo2F6-221dc44491c8,-6.972108473529936,-5.958210607284665
I2Re6S8-4907b2830e7a,-6.677381194851556,-4.762822691659147
ONb3I7-ae0b0561cdb8,-5.242180601541024,-4.290261676950257
SeTa3Br7-6ff298da83e1,-5.286493319665975,-3.8345222029655615
Ag4Br4Te4-5ab0bdd3822f,-6.854797312007327,-5.598868027433216
Al2I2Se2-48bf3f6d9b6a,-6.281511537754755,-3.450660226178911
Au4F4O4-c198a723ba74,-9.051243493206346,-6.649327137464258
Cl4Ga4Te4-b26ed12abedf,-6.876920572506846,-3.9871548336838805
Ga2I2Te2-e51249a42a85,-6.167113400701982,-4.009858626245357
I4In4Se4-4979ad11d764,-6.761368516843745,-4.159065651200567
AgCrP2Te6-86c62744e564,-5.207230724016783,-4.070011210131803
BiCuAs2Se6-001f5ee0c6ff,-6.4319065896600005,-5.058178590556974
Ge2In2Se6-569d0bfabe7c,-6.390491008071428,-4.511236907929906
Ni2Te2S6-1d3bdd9beaa6,-5.431825461473326,-3.86498119056181
Fe2Se2O8-dca38c8411fd,-7.055411408060955,-4.732216219432836
Rh2Ta2S8-3de484637359,-6.354599387476152,-5.123283583594134
Na2Nb2I12-d652ab58148a,-6.189215918662818,-4.5484101672375505
Br2Cu2Hg2Te2-5e0c509d025e,-6.196480270734438,-4.0301517121073545
Cd2Cl2Cu2S2-4e3e4b17abcd,-6.664347726556819,-4.080014473388626
Cu2Hg2I2Te2-27cce4355c32,-6.00147819664471,-3.9238274255103223
As4Ba4Cl4Te8-ef6f5d20cbbf,-5.548660718208253,-3.9716758099825324
As4Cl4Sr4S8-23797d49235a,-6.592230328139426,-3.6157862440611974
Ba4Bi4F4Se8-78d5a63253bc,-5.914574307436711,-4.296782050280942
Cl2Mn2Sb2S4-cca94a056732,-5.157399624722321,-3.9152538417932554
As2C2Sn2H6S6-2a45b4627917,-5.675938898896913,-2.952055406469476
N2O2Rb2Ru2Cl10-a43f50d53629,-7.814856329458966,-6.169646269646163
Cr4S6-9d9a9820e220,-6.952152899491869,-5.176731394142177
Cu4F8-38f4c7508d5c,-9.01567543058199,-6.3334074999419885
Pt2Br4-0a0d810840f6,-6.4678042342574305,-4.3496635176154985
S6Tl12-d15b56817c9f,-4.818750152476677,-3.0201449878862228
Ti2Br4Se4-2c7da9438994,-6.095617435040742,-3.827446571073911
Ag4Br12-c3ab80dfb5b9,-6.813505177499093,-5.161572610338092
As2Be2Na2-970b8527b728,-2.25031223643702,-1.3014919247359544
Bi2Br2Se2-3a3458078cf2,-6.802032804819573,-5.61314985095143
Br4Te4Y4-898748f43de2,-6.055231618378995,-4.910972032662026
Cs4Cu4Se4-38e736e800e3,-4.071800641587827,-1.1439548653590164
Cu2S2Tl2-477d805ea31b,-5.7219914433091805,-3.8592112146589628
Hf2O2Te2-528b2fc71a54,-5.2481924445235855,-3.7907164702539804
Na2S2Tl2-d3f48dd97316,-5.227845250570155,-2.5702448874836374
Bi2H2Se4-fd94f3c73303,-6.040707629896904,-5.082284695661867
Pb2Tl2I6-1cc3b1cd90b1,-5.431523485587757,-2.8899175866633007
Ge4As8-c8305c2a40e9,-5.47165668009851,-3.7427742852008956
Nb4S12-9f0525eaf527,-5.079282771583102,-4.049489320148999
Pd4I8-4ad713ff946b,-6.689525483054027,-4.672263499751896
As4Ge4Se4-10550abf095d,-6.134188440651979,-3.6474983825092613
Ga2Ge2Te2-aeebf5bc1ad7,-5.246449508468906,-4.081584579081289
In2Si2Te6-4569e8d79f43,-5.411904272379645,-4.2289045679470005
TeNb3I7-f5ac2529d149,-5.184747232900367,-3.9432759746905734
Tl2Pd4Se6-922b93f28e8d,-5.277502336222389,-3.961346013578766
Cl2Rh2Te2-fb4fb079660b,-6.304135811116109,-4.191295341632536
AgBiP2Se6-c86df9e38dcb,-6.217213329993523,-4.238075808140236
Hg4Se4-a442456121d7,-5.64329857702862,-4.706313055584333
Sb2S3-37e5cfa7f658,-6.21134531302716,-5.093349382871966
Al2Te2-e54041554385,-5.659682878854267,-3.296645200852218
Au2S2-8074370a0af2,-6.538619268258505,-4.528544148960014
Ga2O2-16c96094d1a0,-7.7948304476863575,-5.3228511643497685
Se2Tl2-625697b299d1,-6.253264683924511,-5.3621436567460785
CrS2-c5ee5e35d2b4,-5.7613376192824,-4.410554889134456
HfCl2-864f8b497185,-3.8782396732837423,-2.407387067031885
Ir4Se8-7a9859f02406,-5.902695058649581,-4.335048166699604
WSe2-1cfbe6183886,-4.992494296031738,-3.262057164325525
WAg2Te4-a9f65ead2b7c,-4.9295351827790626,-3.6113686583817195
As2I6-7c51a624bf63,-6.5196533705552735,-3.894624718433636
Ir2I6-cc505909d655,-5.89345089784965,-3.4439236939242996
Rh2Br6-e56454dbf5b1,-7.039752266425507,-4.30309407858144
Ti2S6-5529ea42c5a9,-5.628133139787599,-4.175660162787344
BiBrSe-de5756e4fbfa,-6.782620536546169,-5.419891189837291
Br2Co2O2-1bab432008e3,-5.790770645702114,-4.989356575280776
Ag2Cl2S4-f98532e454a0,-7.308717750056629,-5.056475235193259
P2Sn2Se6-a056ab5346bf,-5.542685393750823,-4.213706339951666
P2Zn2Se6-80919996ffa8,-6.123229827496797,-3.9009502760930093
SI2Mn2-9542847d289e,-5.744967266992787,-3.5258801814815977
IHf2Br3-3c5f5b072bef,-3.4071083645216733,-2.2418661644303013
BrHf2I5-2e40afa07250,-4.456680580249763,-3.4334506022015043
Nb2Br6-12adbdb58db6,-4.866662706594485,-3.8624284127223905
CaSn3Br4S4-90d991faf3e2,-6.309104846159916,-5.005277609058335
ClIrS-56c34c9cf88a,-6.200631057446103,-3.6956487411146504
GaInS2-5afaa8f1c630,-6.862951026930532,-4.293319413796088
BrClIn2S2-82d7c74da428,-7.293566478932945,-4.608711752185291
InMnBr2Se2-0442105926c0,-6.246095793750482,-5.456126391909173
ClIMnO2Sn2-8e286d68efb3,-5.864535329234057,-3.616959449978946
CuRuSeCl3-42627232f104,-6.474918205931254,-5.654695154127402
AgBrPdCl5-a500ad834309,-8.009598108877062,-6.877228419590442
Ag2I2S3Sb4-966b01595b5f,-5.666104007269501,-3.499472271260349
As4Te6-1a8be9e6ee51,-5.0043330580684975,-3.3881331618828865
Ga4Se6-970aa501f769,-6.438842147833855,-4.893842983155361
P4Se6-ddbd9293674b,-5.8717764428641335,-3.171808165302798
Sb4Te6-e0bcb151ac06,-4.894840646684898,-3.5678555574336346
P2Ni3S8-920789254d19,-7.582293944799398,-4.691966961050706
Ga2Te5-2160ce6ad8d2,-5.278279720659299,-3.8890749533303977
Al2S2-63cc2767f1b5,-5.942182679025599,-3.2331580093430903
Au4I8-cf79354e9fdc,-6.129018912673288,-5.248778958920125
Sn4As8-8f9c58f03348,-5.296695028044519,-4.067813171840613
SAs2Te2-14ca7189e896,-5.173324230919067,-4.02453891011888
HgI2O2Pb2-4cdb84724682,-6.340493088627661,-3.6340183148079905
MgGa2Se4-1ba05c189914,-5.531995510789766,-4.386518931095901
Cl2Nb4Se12-6f4ebafd6c7e,-5.231888043938632,-4.150726946216668
PbK2H6S6-c439f634a79b,-6.477088796672076,-4.010753978911661
PdNa2H6S6-168155ea90f0,-6.123070471948237,-3.4125712641521777
Mo2F6-e3537c080584,-7.175111471750538,-4.566164200337011
I2Re6Se8-3b7a78b29f6a,-6.4214074722792045,-4.754760646958172
SeTa3Cl7-7ff8f74add28,-5.43923715472307,-3.857695095611004
Ag4I4Te4-a48a83e28c04,-6.461125122670907,-5.363092481684859
As4Si4Te4-bd8133585462,-5.450545730343129,-3.190035378156641
Cl2Ir2S2-0ef0795751e4,-6.220973126527262,-4.01720231837275
Cu4F4S4-1b27e375fb9b,-7.925906858082846,-6.279430243134308
F2Ga2Te2-75928f2759d9,-6.805223393961394,-3.9779554862012123
Ga4I4Te4-9d1b7f00e6ba,-6.251307899473345,-3.817916684056243
I2In2Te2-8ab904068239,-6.389935177669825,-4.336427207992995
I2Sc2Te2-6553f6f3c533,-5.32483969355287,-3.573465556145535
In2S2Si2-75ce4e192059,-6.418462725240354,-4.213033101085831
Au2I2S4-8dc9dc4f98e9,-6.21852466225792,-4.788706048321032
Li4Sb4S8-a65adbec014e,-5.854343411631082,-3.3197993018231027
AgAlP2Se6-22c94c22db25,-6.107803244951391,-3.768622644418171
AgVP2S6-7bf45cc41500,-6.433851241946626,-4.379955200549336
CuSbAs2Se6-958092e91f31,-6.133115122550334,-4.875770442593551
LiPdP2S6-0837fa399640,-6.336898581559267,-5.483609098571791
As2Sc2S6-1a08743000f5,-6.050251262955821,-4.000631063173272
As2Sn2Te6-07dbbbc90372,-5.015620504123763,-4.2941140090206735
Ge2Zr2S8-f8f3d3d9b9e8,-5.856291333421181,-3.9024052475926116
Sn2Zr2S8-9c776468c07e,-5.79779032613407,-3.8606585836063205
AgGeF6-0142a1614dcf,-10.514444531195558,-7.961418830613199
Cd2Cl2Cu2Se2-c9536b5baec2,-6.565813793717903,-4.124283116359004
As4Ba4F4S8-0263b6b8ecb6,-6.669012932838667,-3.674449041093877
As4Cl4Sr4Se8-9458da41f188,-6.1874652631472244,-3.8162032212381884
K2N2Os2S2F10-071d0e672891,-6.6126490947409895,-4.0966277720027495
Mg7Br12-24e6bc9b626f,-4.939986866004783,-2.401905510362517
As4Be6-5ec0e1d34600,-5.883867033279403,-3.926103971282277
Cr2Se3-1d2a1b575eeb,-5.965828254131288,-5.048328668259124
In4S6-51ba05ba80f5,-6.628802490009695,-3.942369991705812
Co2Br4-f7a620e01d3c,-6.8498436902924675,-4.42233368453201
Ti2Cl4S4-98a93e2ffadc,-6.582336244415167,-4.059098821093762
Zr2Br4S4-b391a8be9c85,-6.741444274438847,-4.011013651425601
Au2Br2Se2-90fec032cc79,-6.681924947900477,-5.410959376148597
Br2I2Pb2-5b7764069651,-7.103815822377157,-4.538873814886864
Cu4S4Tl4-05d03a42beb8,-5.087001916813145,-3.2182045523447824
I2In2S2-a35b123c1b3b,-6.313786319421844,-4.402075336892782
In2Te2Tl2-9afb62dddcd0,-4.392354183005379,-3.0260679902365086
Na2S2Tl2-6ff7f2704d19,-4.6616999964639625,-1.7273242337045935
Ag2Pb2I6-129773a224e8,-6.7123935981297596,-4.098978488442599
Au2Ni2I6-4da245983da6,-5.712996858001853,-4.022898102264677
Sb2Si2Se6-c3ae7c1f68ef,-5.777030933883491,-4.205337208307376
Si4As8-45a9385a8689,-5.641719601545265,-3.6191826010742894
Nb3Cl8-51c6e4d2bd8d,-4.803390898944254,-3.8914147076381997
Pt4I8-ae6d26ca3341,-6.205781623943797,-3.993684208257423
Al2Mg2Se5-b5f4d201ea6e,-5.39779895848663,-3.3735766556179443
Li2V4O10-32e7623d80f4,-5.936957600315623,-5.225270563894312
Nb2O2Br4-7d127da2c220,-5.950624570318513,-4.027792262912148
O4S8Sb8-dcb4784647b2,-5.95098465380096,-3.222029029886315
CdGaInS4-8a736e3e66a4,-6.122563069342698,-4.782598551418273
Cl2Cu2S3As4-5b010bf3937e,-6.700031775676804,-3.7903938870840244
Nb2O2Cl4-29323693cd83,-6.263090855457881,-4.311598341441273
Hg4Te4-d57ec9e559dd,-5.0510657859442585,-4.152062743364331
Sb2Se3-d07765390360,-5.758929162621155,-4.877729789541981
In2Te2-fcd97ff5abcd,-5.624651850673222,-3.8129909448323964
HgI2-7c2657e15a6f,-6.5772956858894895,-4.180252445411969
Re4Se8-c3bc24117d8e,-5.358731990607827,-3.7377876888680532
SnI2-bf884c9076a0,-6.322529626162974,-3.832453280173225
ZrBr2-7897c7cc2491,-3.6757630963644425,-2.3993729970334083
SeBi2S2-5db44a94f3a6,-6.82860032726594,-5.856308028735507
Hf2S6-240d9960ec51,-6.519804613309759,-4.410787024191984
CrW3Se8-0b7696e1f4c9,-5.023851160846571,-3.690986946969787
AsBrS-1dcd471c2288,-6.5482441103716145,-4.511101615227821
BiBrTe-304bc6a92d82,-6.319501272112053,-5.160142982327422
BrSbSe-89b15ddef41d,-6.356993908748098,-4.708402239986863
Ag2Cl2Se4-55e92c5d7b58,-7.020565634842154,-4.600028625586026
Cl2Cu2Se4-c8d0d00e7aa3,-7.169258250825398,-4.745508266193561
NiZrI6-6664877fdd91,-6.527017585228533,-3.9661385507217597
Br2Se2Pb3-adfe44d7c08c,-5.94821987374496,-4.496529155809398
Se3Ir4S5-8b7b4462b74b,-6.184069104191072,-4.625769786198934
SI2Pb2-9ef27e5f3a1f,-6.214824315604924,-4.647938157294225
IPb2Br3-a72dbd49ff94,-7.261721189139868,-4.429620159290137
ClZr2Br5-47c26352de5e,-4.557440463644614,-3.504190738024591
SSeSn-9c38109ec332,-6.577201160089001,-5.101637800603525
GaInTe2-1f4da6e9f888,-5.538413870013503,-4.006622605512223
BrClIr2S2-888cf2dd1c8e,-6.1015782328612485,-3.9742483856348754
GaIrI2S2-bdb18468d79d,-5.626707011114588,-4.447129992848944
GeTiI2S2-3823abf52322,-5.429568241261948,-3.8089847389630407
SSeCl2Sc2-e9a5994b91bf,-6.840642925180963,-3.922245687597576
NiRuTa2Se6-88a8af651ee7,-5.694018706384351,-4.489823153076449
AgSeWBr5-a8b658947749,-6.84480410816068,-4.9599316699820655
INbSeZrBr2S2-95cdc75f2772,-6.80063337396205,-4.658231717050854
ClHfIPdBr4-c06fec96fbbb,-7.291478106881923,-4.905667743473946
Ag2I2Se3As4-1a0a29e03e9b,-6.083155065891502,-3.813676420932071
Cu2I2Te3As4-714b6373927f,-5.856667157611618,-4.139137627425673
Ga8Se12-ee46283c3d86,-6.027020772696602,-3.406266289861102
P4Se6-47898781caab,-6.18114929266186,-3.2847193571793527
P2Ni3Se8-edaa280cff5d,-6.775020977610268,-4.799145363972544
Al2Te5-c0d05cd05bd4,-5.286675115444121,-3.483063589948467
In2S5-c78ad76591bc,-6.203343876475607,-3.6462315551026796
Ni4I8-bcca4e049916,-6.6941093959885745,-4.788867429843483
Pb2I4-a09645eda3b3,-6.411209188895035,-4.025792639922922
Pt2F4-584e487e60cd,-7.4610991055621785,-4.679731815593929
CdCl2S2Sn2-b833dc4cd39f,-5.896620422884002,-3.074617470569345
MgK2Se2H4S8-0732f863d90f,-5.911766979551176,-2.9453200673239026
Tl2Ni4S6-d4de249e9eac,-5.208029531396355,-3.7456572058038202
NiAl2S4-8d86e6972cd5,-5.318398063600153,-3.1696525430753715
PbAs2Te4-77d26562771c,-5.268051952364523,-4.421069111333451
SeAu2O4-17139ba41e5a,-6.58100354332621,-4.65587282837226
Zn2As4S8-32805844f734,-6.4336526341175055,-3.9765228898253917
Cl2Nb4Te12-9c2b0e1ed521,-4.91028781994581,-3.728744340869107
I2Nb4S12-26a41dbcbe1b,-5.472460977215276,-4.656284204254518
W2I6-78cb436613b4,-4.816419717334862,-3.5066479599326965
I2Re6Te8-21c612ab29e1,-5.586490530979998,-4.6926186509092425
OTa3Cl7-d09e89da770a,-5.646049243291176,-4.0774314991789105
SeTa3F7-26e66fc37340,-5.303765731375662,-3.5689481864486554
MoW3O8-998d3ff1db7d,-6.796305800217121,-4.8352883043959025
Br2In2S2-8c8dff74f7ac,-7.831744153622353,-4.997909476009335
Cl2Ir2Se2-fffcd3f09395,-6.05609890993568,-3.8210825625111307
Ga2S2Si2-77eb660766f5,-5.943066761191428,-4.134918684353877
I2Rh2S2-fe00852083f0,-5.732303114059604,-4.067563875893265
P4Si4Te4-d6a4087a2b69,-5.456352810849385,-3.2170065302929043
Sb4Si4Te4-06b91a8136c7,-5.240401865949689,-3.2745397018858258
CrHS2-cb23a1d90736,-5.6769510075185545,-2.8768569590787365
Li4Sb4S8-cd0a13725e2c,-5.945530641634379,-3.1993041690185047
O2Ta2Br4-b97d620cb091,-5.755914836338835,-4.055445030140496
AgAlP2Te6-599d2c419ce3,-5.060558804799951,-3.9958717257844922
AgSbP2Se6-0a306e337b3c,-5.91930240133403,-3.9508744531737534
AuBiP2S6-f3c531067dca,-6.601512275774425,-4.386683380975139
BiCuP2S6-595b66de78e7,-6.950897770755875,-4.362408037427276
Al2As2S6-8ac168af6aba,-5.866398014427183,-4.083306176041329
Al2In2Se6-303cc9653934,-6.5039610843195925,-4.079909999112555
As2Rh2O6-f5bb51e8e2ad,-5.945011909330427,-3.219385899324622
Cr2Sn2Te6-28cd2a6c6e87,-4.9265683159664135,-4.210703522130503
Ge2In2Te6-e5a7ff679836,-5.34948903179486,-4.200891014799508
Pt2Se2O6-4ecc90815612,-5.849876596944492,-3.1183379154735773
Ge2Zr2Se8-1ccf7d68dd6d,-5.4547263726808835,-3.679179493679694
Sn2Zr2Se8-81e65a9f4cd1,-5.312559097045997,-3.67608967523893
Br2Cd2Cu2S2-9e559644937f,-6.560633484704638,-3.987474348087218
Cd2Cl2Cu2Te2-6f001ad6541b,-6.05724554560309,-3.599077027394044
CdHIS-9235b3d89386,-5.6824449206401955,-2.83116359163941
Cu4F4H4O4-0e4fdd36d9b5,-8.575692685848523,-5.74039551710391
As4Ba4F4Se8-1ad1f9530407,-6.306016423046202,-3.957811920142105
C2Pb2Sb2H6S6-a5d56c0a5942,-5.99107064369287,-3.1015717405310212
N2Os2Rb2S2Cl10-10e057446c7d,-6.860841240654044,-5.3749978110862004
Mg7Cl12-6203bd432122,-4.918433949408261,-2.1010284562819916
In4S6-01b27014dcbe,-7.2578743674433035,-4.745649825591061
Au6I6-107cbb37a4dd,-5.846195879276077,-3.613983188070969
Hg3S3-347506ead0e4,-6.3101899343315315,-4.159720957255869
Pt2I4-c54d11408ec3,-5.88158350493118,-4.139759157734037
STl2-9af1ce2f4d67,-5.101198272959458,-3.1360676294944017
Ti2Cl4Se4-7b3e4883243e,-6.101679036683389,-3.7762358045687163
Zr2Br4Se4-8a278985685e,-6.310419646815141,-3.8593136036207505
Au4Cu4Se4-ae7fd4a00d96,-6.0255376824785785,-4.332424341944395
Bi2I2O2-44de0c5ee581,-6.741749169671226,-4.892917238493481
Br2I2Pd2-332bebdd2c45,-6.457912548140707,-4.916790643073879
Cl4In4Te4-ab03a0fd00f1,-7.240664865328641,-4.401766624663118
Cs2Mg2P2-18948cc4b317,-1.8846873068047232,-0.934292025798829
I2In2Te2-1a2b82464b7a,-5.761360688713435,-4.335312862137724
K2Li2S2-283bd7c9b388,-3.180070459089449,-0.7767879580619492
H2In2S4-66b2710f1e53,-6.525405897482974,-3.8087255440547114
Ag2Sb2S6-b3f31fde8ccb,-6.565313830013455,-5.2668216200587965
Au2Pb2I6-1d07b8b7f401,-6.401749544636225,-4.266956857177032
Cu2Hg2Br6-4d481adbd1cb,-7.420565169502531,-4.9090137039516
Hg2Na2I6-1d395ea45c5e,-6.652769468872322,-3.9366584197750534
Sb2Si2Te6-633d9f56834b,-5.2173641214816655,-3.9309956875344128
Al2Si2Te6-a1595f47c79b,-5.447690658073551,-3.7750913242172666
Au4I4Te4-262eb0e259dd,-6.315611439945898,-4.644000193882535
Cr2P2S8-460505ea8de3,-6.641921383313057,-4.237995318877315
ZnIn2S4-be01d74ac33d,-6.221952592832812,-5.351507812212247
I2Nb2O4-8b99d87752f2,-6.241756841794062,-3.9467837179228416
P4Pd4S4-8fe8a1ebbcd8,-6.553160605777627,-4.462726167164883
Ge2Zr2Te8-8bcf3721c34d,-4.805747720165229,-3.6893603221008697
Cl4Cu4H4O4-c4a98b92e296,-8.39689457692154,-5.934984012862708
As2Sb2-cb47bee23dc7,-4.981093352491516,-3.691943258340343
As2-2cfe371476fd,-5.556011477296153,-3.5371664338783857
Pb2Se2-f615d3b872f4,-4.844503791384941,-3.5329559823466345
Se2Sn2-95443c1cf2fb,-4.632561045142301,-3.2871270266667456
HgI2-efa4b9d311d3,-6.434578806989412,-4.5153206468614755
NiS2-c07043374f26,-6.166560170817553,-5.164194953091834
SnI2-d9c422656482,-6.295833205605392,-3.791356263683663
Zr2Cl4-78bf3c7e79be,-4.697716336310878,-3.5489020892102987
MoAg2S4-65c1c4665d99,-6.235169766133437,-4.087698800330957
Bi2I6-01a2d5e89adc,-6.734986944238838,-4.856325956821093
Hf2Se6-719c77b60be8,-5.601604203940188,-4.71680359102625
CrW3Te8-eef072f845ce,-4.532523705581949,-3.595731580618465
BrIZr-28c61999c692,-3.5253182856974004,-2.3508531713512055
Cl2Co2O2-686020e50d70,-6.516511968857502,-5.489259328605771
Cl2N2Ti2-d1fef18803ee,-6.986501119040756,-4.894161290846106
Cl2O2Rh2-c6c664595ece,-6.025360913037642,-5.266333259330095
Ag2Cl2Te4-d2ed9275e89c,-6.230516933029422,-4.132351479113174
Cl2Cu2Te4-fc8a3cace7a2,-6.457289605878065,-4.149440235680405
Mo2W2S8-449640ec4d30,-5.833967430154898,-3.7724526825645035
TeCd2I2-0f5cc7642160,-6.173266484048927,-3.5145851386687843
GeBi2Se2I4-faddde791efe,-6.2449153414210254,-4.825703642714765
IPd2Cl5-1ed957e8c3f0,-7.0634815469145265,-5.6702545218794125
InAu3Br4O4-d6f043ae8a66,-7.130074358742804,-5.575483769538522
BrTeTi-0e844b124226,-4.414308447833011,-3.6510652533749006
CrISe-f8991105b1cc,-5.72827724510082,-4.131801908068133
STeI2In2-9a868ba8a87e,-5.438892486441963,-3.8825150121940384
AgGaCl2Br4-0e3f0b910494,-7.953899026078624,-6.809010407611753
SnZnCl2I4-4001a7694a61,-6.870171181739364,-4.98214879754921
PdZnP2Se6-03624868651d,-5.4605262239722325,-4.664749915654599
AgAuBr4-0f23944e388c,-7.201245993032997,-5.466314411701207
GaPdBr6-a4c4c16a0ad5,-6.963096695503849,-5.533758729920904
GePbSSe-adecad063d11,-4.648375946102333,-3.3458638884929326
CdGeSSeBr2-2e998c711d30,-6.711547203685362,-5.167776522056794
As2Pd3Se8-1aec9f19ab57,-6.6962115760212395,-5.095111399056869
In2Se5-dae344591476,-5.916885064130707,-3.6307595173956653
Ta2F4S4-3e26e36bfe5d,-5.679969977853297,-3.353040833294749
HgI2Pb2S2-57326e1221f1,-6.3515174716885205,-3.7188726289398297
Ni2As4I4O6-dbb4d4373179,-6.536055427324474,-3.8644715867861357
Tl2Ni4Se6-1f7280b66481,-4.960319563957543,-4.140877376632592
NiAl2S4-8993c4c0c1f8,-5.3315530156804085,-2.968270899971456
PbBi2S4-a905294e1de9,-6.782921645472044,-5.743565874680515
SnBi2S4-4efaef08f615,-6.377484362466589,-5.608988935864632
Cl2Ta4S12-43da7c531cef,-5.307221939316419,-4.297664186432766
I2Nb4Se12-cc120a5ff171,-5.260304144160029,-4.227354621191736
W2O6-53fccfe5c61a,-9.775896947374816,-6.910570291377176
TeNb3Br7-1cf393ec32df,-5.399096024318673,-3.9626389696562208
Ag4Cl4Se4-8f756c5e6660,-7.47682679759974,-6.198092313234733
Al2I2Te2-2db20015e6fd,-6.358641582351018,-3.4210899278511313
F2In2Te2-b09d28259169,-6.743334116774415,-4.096487513563307
Ge4P4S4-bccbda8e9314,-6.5765785345926675,-3.7880422909228906
I2Rh2Se2-a750cff4f399,-5.720379188030966,-3.995536110303151
In2Se2Si2-6c77e1a6e170,-6.041735867096542,-3.8928412378395634
Au2Br2S4-17b98eeca376,-6.9383529516200335,-5.260907673556467
O2Ta2Cl4-590ae7c5a671,-6.066183442393438,-4.363860128907487
AgSbP2Te6-3f7e5908867d,-5.232423356060886,-4.109822398083512
AuBiP2Se6-06682c1fa95f,-6.126662320272185,-4.522888410669065
CuSbP2S6-4ef0280586b0,-6.526708504024381,-3.887524200417876
Al2In2Te6-1f6585264ff8,-5.586053493007244,-4.3479744915732255
As2Sc2Se6-2a91dc643fc3,-5.512295619359543,-4.213479507018522
Cr2P2S6-9c7b9ce2894f,-5.393472854568549,-4.159946716636373
Ga2Ge2S6-71f89a005c68,-6.6765152952395015,-4.345925010241729
P2Rh2S6-7dc2bcda7684,-5.749150797544425,-4.400689981160581
Pt2Se2O6-fa32f5efba18,-5.407993503251036,-3.220504511734435
Sn2Zr2Te8-6f395a43f4f4,-4.728372165555557,-3.699858174391877
K2Ta2I12-056407f8a62b,-6.459752362883928,-4.406446772093591
Na2Ta2I12-6e2d63dea03a,-6.31324485263836,-4.382416927881984
Ag2Br2Cd2S2-8445405e8a20,-6.571978231525966,-4.111000712702988
Ag4Cl4H4O4-7a15511a86d5,-7.383647786750204,-6.397822296044971
Br2Cd2Cu2Se2-9e9104616284,-6.561765974379547,-4.1004492111834905
As4Ba4F4Te8-b61476daab9e,-5.543585568372841,-4.134553831370119
AlCdGaS4-d079bd1e8365,-5.859475753751858,-4.167197330638674
H2P2Te2S10-41bcc5b6d695,-6.720431391940547,-4.872619658189308
K2N2Ru2S2F10-7dbb4eb91e55,-6.59056330451585,-3.96571037445513
N2Os2Rb2S2F10-1b78895a56f8,-6.654128983779944,-4.13445858474682
Zn10Cl16-a7ce6b8ebd33,-6.229768237765432,-3.258599776599718
Mg7I12-2fcd05f267b9,-4.8858239571704365,-2.5087937186340543
In2Se3-8b6ebc2c4a11,-6.349400786486374,-4.309066585822947
Au6I6-014ec4abdeb3,-5.631383560139558,-3.9279780952399146
Te4Tl4-7e9476cd1525,-4.5057201825954465,-3.0864004820526527
Pb2I4-6698b580065e,-6.579901724589316,-4.615172048659597
S2Ag4-76e73a43a5db,-6.537676002593236,-3.6311958024605024
Se2Ag4-34ad9bcd903e,-6.323769622305401,-4.253455548171217
Te2Tl4-a3729cb9d17e,-4.191862583705528,-3.0075154330579603
Ti2I4Se4-1721df09bb0d,-5.8966260097100065,-3.8672460218233278
Zr2Br4Te4-1001eb2103a7,-5.621916257615782,-3.827295264721232
Bi2Br6-2997c1142576,-7.579999884901541,-5.442232332252598
As4Be4Tl4-391dc02ec1c1,-3.8793975769242177,-3.144334777407637
Au2K2Se2-6400357550d6,-3.929295701057648,-1.388159167923602
Br4I4Pd4-c8dc5fae1fc3,-6.659039973783696,-5.307231494497487
Cs2Na2Se2-f1dcf121a29a,-2.9664204803140892,-0.8258591266974968
I4In4Te4-2bfb956aa829,-6.069168809888465,-4.398733420191021
O2S2Ti2-e298a0b258b7,-6.752609726194569,-4.564288283614037
H2In2Se4-3d240fef03d0,-5.957795966326977,-4.0509142364120905
Cu2Hg2Cl6-4dda60620086,-7.663846052864825,-4.9868500938776
Hg2Sn2Se6-72995c9e84c2,-5.9470597501302445,-4.9937816033694205
Br4In4Te4-9513681dd4d6,-6.820953698863102,-4.057075190729246
Nb2O2I4-4a99bd580b02,-5.50056582576413,-3.6557305824706003
P4Pd4Se4-751b3b921d0f,-6.306879512219091,-4.344069621001602
Br2N2Zr2-0b24da71dc8c,-6.972293868547075,-4.213562390356321
K2N2O2Os2F10-8e219ece0eeb,-7.826668840175722,-4.993422092008083
In8Se8-edb7f5c007da,-6.36316457552395,-4.318581604004705
Hf2Br4-721fcaa35f4a,-4.435610022815461,-3.1014799782671894
As4-ff6eb167410f,-4.949028961412232,-3.625324832211099
Ge2S2-ecbb7c185669,-5.5055856733088735,-3.1334604802387194
SeSn-d59c96fdfda1,-6.168206312267722,-3.3801508667648927
Te2Zn2-4e0f8a77aaf0,-5.251879249481783,-3.9580344089385866
GeI2-24970c2cdc0f,-6.295352578021626,-3.6275744546058943
HfSe2-7a708c5759cf,-5.814381150038345,-4.594969697365622
In4Br8-5d48ce80db68,-6.868708368106715,-4.5375429085323855
Ni2Se4-d3aef0ef49cc,-6.445742956339915,-4.262959934762939
Os2Se4-a27442d3eef5,-5.460334028628245,-4.07102667957605
TiI2-088e8488f895,-3.2311715129324883,-2.4027681472538003
WO2-94cfbb3f9284,-6.737248880351611,-4.640381281170261
ZrS2-8913f4e54692,-6.972009997018666,-4.804547314051091
CF2Y2-c1e2c223ffeb,-4.717979623282895,-2.7518667704673887
SeS2Sb2-ca777fa17a63,-6.221039374666379,-5.111511279146249
MoAg2Se4-e20f318fc059,-5.680998524336198,-3.907412245661408
Bi2I6-433fccc74b5d,-6.8415161536812175,-4.735742582301171
Cr2I6-462e253dd5f0,-6.122035595833183,-4.03056711327686
Rh2I6-cead7a19c832,-6.061005751199413,-4.095532695630116
Sb2I6-d7ab89c33511,-6.47955045145464,-3.995336460920891
Tl2Br6-a53871fb1a3b,-7.988791665095828,-5.442523960451865
BrSbTe-18e62ba75259,-6.097224482202395,-4.482007457137745
SSeW-001e03f2c095,-5.354175520076873,-3.4430100054114567
Ag2I2S4-c6527bc4fbaf,-6.535754684957382,-4.312306384171148
Hg2P2S6-b81eb586acfd,-6.647258334679876,-4.753231233722787
Mo2W2Se8-a1d716aad84d,-5.157318767396565,-3.4082343708470244
FeZrI6-8357694f8740,-6.197958149508969,-3.6000101368195594
ZrHf2Se6-36b61a1119b3,-5.837532944262144,-4.625429617652797
NiPd3Se8-73e3de8ea6a5,-5.539691912374559,-4.837861429966808
Ag2I2Br4-452feb8ac9c5,-6.874697362002852,-4.812100215214949
Ru3S3Cl6-7c82db77d1e3,-7.700104118560416,-6.569406603127366
GaMnCl2O2-552715b8798f,-7.441287210598982,-5.56806772249589
SSeCr2I2-1a2f1f3049df,-5.977079880085974,-4.7455200554684875
InIrBr3I3-6812060227e6,-6.576166535299558,-3.861411798470753
HfSeCl3Mn3S4-daa91a8ef7a8,-6.985628153379851,-5.157413032813567
CdPdCl4-f3c6303f41bb,-7.743920942019552,-4.931014590892065
GeMnCl6-7285cd81743c,-7.054764610964179,-4.925818129747353
NiPdF6-35bbda4a90d6,-9.570734560402878,-7.50924545622494
NiSSeZr-53d87eb0d077,-5.825004332398083,-3.9444649422376856
ISSnAs2Ge2Se2Cl5-ec5586326bd2,-6.707204056604626,-5.509600821472469
Ag2I2Se3Sb4-27c011e3e351,-5.841852394879481,-3.6150004593519034
Br2Cu2S3As4-bc471ae3c23e,-6.623054994924221,-3.792807392922487
Ga8Te12-d2bf4dd1cbd3,-5.00336985779059,-3.5232608976747337
Ta3Br8-78498623df70,-4.395858898775165,-3.57442599708599
Al2Se2-812d7e985061,-5.589131094174737,-3.233045816156639
S4Sn4-aedf8642b265,-5.329793955265126,-2.903526650761004
Pd4Br8-f88e94a06245,-7.31625889871639,-4.946368006641306
CBr2Sc2-85c157b70bbf,-5.925131102147935,-4.188679594064876
HgI2S2Sn2-9b877e770bcf,-6.072876450386233,-3.4843248195855443
MgIn2S4-7a7c385a976f,-6.485350848443375,-4.34808756533446
PbBi2Se4-8fe388c853a5,-6.293427901666981,-5.537513740345949
Cl2Ta4Se12-846d76c55de7,-5.08517596836306,-3.982228194967397
I2Ta4S12-a7b40e2c7493,-5.360944416675693,-4.424627662935157
Ta4S12-acc8cbf1a819,-6.181154524091035,-5.358102341105406
Br2Re6S8-705445630a7a,-7.139364764397193,-4.868852859361596
SNb3Cl7-fae9766f49ed,-5.887020414447125,-4.233260589993758
TeNb3F7-d5273de0c2e0,-5.480004378740544,-3.760917757831441
Br2In2Se2-e0a6fc7297b6,-7.67548897935403,-4.971522019483533
Cl2Ir2Te2-289d689e2f8f,-5.863262468489374,-3.813518442168884
F2N2Ti2-7c77c5eaa7eb,-7.00344889160704,-4.675310506764367
F2O2Tl2-54d2c1a2215e,-9.094528765789189,-7.606054483128995
F2Sc2Se2-a4bdf22f2f67,-5.296003832001894,-3.140238922947063
Ga2Se2Si2-52f2e7da757c,-5.931797817026265,-3.8546747580694296
Ge4P4Se4-37bbd756724d,-6.180872217560758,-3.7479583154523923
I2Ir2S2-650dad3fa94d,-5.418794789228134,-3.6700311876374396
I2Rh2Te2-e79bc934d334,-5.452935161686991,-4.021104869127397
P4Pd4Te4-661c8674805c,-5.839699728207957,-4.420435219240775
As2Cu2S4-83b2e0dd95ef,-5.384179134592349,-4.538939357176126
Au2Br2S4-8f58b28d35bb,-6.659592910009703,-5.048295940928725
AgTlP2S6-2332434aaecb,-6.601489670214378,-5.180408207489265
CoLiAs2Se6-2012c24212dc,-6.013273534577419,-4.838192770468089
CuSbP2Se6-bcb7ec27050a,-6.005417442792856,-4.093135243310657
C2Cs2O6-d0bb90038b7f,-7.851638667482113,-5.187499602783484
Ag2Br2Cd2Se2-b99f91c23d3a,-6.354812954982134,-4.252706204572142
Br2Cd2Cu2Te2-743789f937f6,-6.141036091194378,-3.6752397180920617
F4P4Sr4S8-97267b4c2548,-6.563508502462994,-3.627416016656701
N2Na2O2Os2Cl10-8b7509f393bc,-7.603822002024506,-5.842041690923547
N2Rb2Ru2S2Cl10-7744b8e6b0fb,-6.868402105295905,-5.544465947737367
In4Te6-1a3a1f94b382,-5.507931847416965,-4.215292881790223
Au4S4-907b914a6063,-5.8769436416691345,-4.539543434527605
F3In3-42760770c17c,-5.2339175032056104,-3.023360575209444
Pb6I12-6ab8edc0f1d3,-6.597364214969659,-4.577701579919475
S2Ag4-b7ce19981b42,-6.579339932919165,-3.9602156206831047
Ti2I4Te4-3e046216e112,-5.277366407124771,-3.6510659648831565
Zr2Cl4S4-f1470c4b3d7d,-6.785984182084764,-3.993264039001857
Ag2K2Se2-4d4895b2d7bf,-2.8165756560482382,-1.5169192482952283
As2Ca2Rb2-ebe58e2a89dd,-2.5991962018642045,-1.0815252270880267
Au2Li2Se2-410fb65305b5,-6.121508422759094,-3.7589501094473836
Br2I2Sn2-e695f2a490fe,-6.24767644963446,-3.6615891415194644
Cs2Na2Te2-2eda63b42e73,-2.9414211079595356,-0.8888002858031878
K2O2Rb2-c428df709d76,-3.044212097129373,-1.2722053608250448
Ag2Ge2I6-86db18e75c28,-6.3755307380652795,-3.468712887462696
Cu2Hg2I6-b81c3dfd3803,-6.559503056889428,-4.543510186508479
I4In4Te4-feae7ba557bf,-6.402633276365332,-3.958530425734066
CCl2Sc2-e635ae193700,-6.309140996669763,-4.402299537774435
Cl2Cu2Hg2Se2-369025f9df19,-6.697514311229812,-4.394964472952961
CuInP2S6-69cc17843190,-7.019737022083618,-4.19218156932097
S2Sn2-a8ffaf9a2b50,-5.5053648053313955,-2.9854504496353913
Hf2Cl4-1df1d939b858,-4.75020926525977,-3.2749153421049306
Bi2S3-9e4974207024,-6.867730043289512,-5.826325791240416
Ag2F2-44f6ed525a5a,-7.23211197064233,-5.422382475945113
Cd2Te2-3a9e0525e324,-5.513185290207612,-4.18258571210026
Hg2I2-f7e70d2b90ad,-6.393712433408363,-4.475415176749841
Hf2I4-236ec74b0662,-4.099709826963538,-3.085221868584409
MoSe2-f61b14d398c7,-5.309145449151769,-3.504983151160496
Pt2S4-216f8f2dd8c1,-6.347594444259586,-3.560859552087414
SeSb2Te2-915f01ae4126,-5.2069099627430155,-4.4307500576866925
WAu2Te4-fa9b643288c1,-4.367649519705953,-3.5751735629222035
Tl2Br6-ef8df28dd878,-7.8070073913860405,-5.945224583913134
AsBrSe-989f469f06bd,-6.344856121277659,-4.505703539613471
Bi2I2S2-c8b75389b30c,-6.575419486600408,-5.186362482414469
I2N2Zr2-0da35ef15eab,-6.264312953025391,-3.9739040322502786
Co2H2O4-3e1267eb3704,-6.127604888561823,-3.531290379481898
Cr2P2Se6-2897f2d181b7,-4.876245754977356,-4.052368306040862
Hg2P2Se6-1be2727e385c,-5.986216025924318,-4.649470556178312
Mo2W2Te8-c04fc052f2ca,-4.6617752279914315,-3.383081853782861
Br2Zr2S3-25a3f533a2c6,-7.256291053286324,-5.041080223235168
ClO2V2Br3-6813cb0e2dff,-5.907919060876392,-3.931664680737601
Se2Ir4S6-14b9bb27a8c6,-6.243992670709457,-4.707653779596871
HfIrCl2Br4-f6ffdaf5a29a,-6.13509232020579,-4.010193834886896
IInAu3Br3O4-1619e511d126,-6.9847687252992845,-5.354319332810598
OsRuCl6-163ae7edabe5,-6.365963177892764,-5.170154119495808
BrHVO2-84d98d2eb376,-6.290703572358705,-4.008656811139224
ClCoIrBr5-76a32a126f38,-6.745880069404132,-4.379721287204163
Br2Cu2S3P4-cff9f737d132,-6.997404875187654,-4.011945605253383
Cl2Cu2Se3P4-a26b41fc3ebc,-7.003957145794632,-4.32379156911831
P2Pd3Se8-dd109f741f58,-6.751004547668504,-4.364892622771439
Au2Cl2-a2e424ea817a,-7.111213553883584,-5.634368692117995
Cl2Hg2-00963322e0ca,-7.827501734158421,-5.504363779328798
Ge4P8-c71cea19a5f5,-5.992409459046732,-3.948266552510715
Pd2F4-a8808d5f5032,-8.361026013838199,-5.754802114135378
Nb2Br4Te4-f307ee915eb3,-5.048737333447507,-3.8280580346710433
In2Ni4Se6-f47a2c6eb5e6,-5.239916239238262,-4.466611051859179
MgIn2Se4-808924d0e86d,-5.8007489930280975,-4.424390226694182
Cl2Ta4Te12-8bd253170c81,-4.823041132163875,-3.686961776513863
I2Ta4Se12-8cf64e764391,-5.132996601836539,-4.118831657944635
Br2Re6Se8-6bc75134fdba,-6.659432079089305,-4.8029455054684345
SNb3F7-b9bcde30476f,-5.883321096203931,-4.011068800595607
TeTa3Br7-e98add638eb1,-5.14876851663241,-3.7519889551932213
Ag4Cl4Te4-02d926b9079e,-6.974506815367906,-5.727274985280177
As4Pd4S4-f5848a127c46,-6.426658890881412,-4.925279868418638
Au4Br4S4-9089db486d02,-7.404208287229432,-5.403769695008728
Au4I4S4-710256273e89,-6.51424227368709,-5.17084255318771
Br4Cu4S4-53eee6ea7e16,-7.73994759415009,-6.211492621624782
Br2Rh2S2-010a3124257f,-6.552578047498976,-4.417091900278237
Br2Sc2Te2-ea0de383df8a,-5.279000159885054,-3.6615963289308024
Cr2F2S2-3effcc08f6a7,-7.221183976945279,-5.698680329509054
Cu4I4S4-1ca2a61e8ebb,-6.936756363264884,-5.778774052660634
F2Ir2S2-1699f359d94d,-6.427604667388872,-4.323455148739605
I2Ir2Se2-73f5a0303334,-5.400923615913516,-3.5439895350500463
In2Si2Te2-cf9d45615910,-5.252636289476909,-4.21551001405693
P4Pt4S4-8bc4678be34f,-6.531896613984244,-3.877960837642245
Na4Sb4S8-4535b9c4898c,-6.015948058385051,-3.9144329202374326
AgTlP2Se6-5b4574882399,-5.957621353513047,-5.056251137465253
AlLiP2Se6-8321b6ade75c,-6.4830546236992355,-3.5635880928025827
As2Cr2S6-82114af86226,-5.725932045864361,-4.042697715431423
As2Mg2Se6-51b3844abf0f,-6.63616626774024,-4.500899523151343
C2Cs2O6-719b256695a3,-8.064484271066982,-5.436954286358061
Ga2Ge2Se6-3ca41acb750f,-6.190411074924572,-4.561352883805901
Ga2Si2Se6-25c7104900e1,-6.32037853414506,-4.2924157313883775
In2Si2S6-6ba7c92d40a8,-6.928133097597585,-4.2687812018402616
Hf2Si2Te8-69ce6de9e029,-4.808488171778246,-3.651578027968298
Ir2Nb2S8-bf5221fcdc7b,-6.309003320217724,-5.055933605852424
Ag2Br2Cd2Te2-610403aef371,-5.982281155593095,-3.868644941472356
Au4Br4F4S4-8533e06056b4,-6.991003203185219,-5.55320374132804
Cu2F2Hg2Se2-707cccbd40cb,-6.163852337395241,-4.161279773287249
Bi2Hg2I2O4-42d449d4ba48,-6.434445058928258,-3.7750422718867522
F4P4Sr4Se8-0cec8c2cf858,-6.231712570866619,-3.83466574008969
C2Sb2Sn2H6S6-be2162c13bb3,-5.5083692044902195,-3.082705717579168
Br2Cu2N2C6F8-1a1d1d37f37f,-7.060411915018915,-4.966976394088812
N2Rb2Ru2S2F10-83740b3897b6,-6.640665822072103,-4.01907332719766
Ag2Te3-3063ab1c8527,-5.345878683510767,-3.926914142340345
Sc4Te6-d5cdc34dc7c2,-5.2767280571216135,-4.062391819321915
S6Tl8-7ab6e3a2bcd5,-4.56897748649266,-2.7708793591182737
Au4Se4-6d6b1c395901,-5.590791684631809,-4.491241814588257
Br4In4-89634906175e,-5.572729017511977,-3.222829730432844
Br6Tl6-a5b59c401a9d,-5.914461452306506,-3.034639776069357
Hg3Se3-a5e75891540d,-5.770078365716419,-4.522132381313408
Ni4S4-3241af493cfa,-6.166417970560984,-5.278319874161945
Pd2Br4-de39e51a66c9,-7.032452167148726,-5.020016623811969
V2Br4S4-0d6a21c405cc,-5.852089778328962,-3.679202143224609
Zr2Cl4Se4-7c6504b8abf2,-6.358076871823411,-3.8179280196490804
Sc2I6-a3a1586d1c5e,-6.09121865639651,-3.46342552574086
Ag4Li4Te4-6b96e8714ef5,-4.496966174382272,-2.6657139026336454
As2Cl2Si2-4fdee8670c30,-6.286966409599811,-3.586268600304137
Au4Na4Se4-ca2b29ff2099,-4.278240271293856,-2.294371881174573
Br4In4O4-aa4d353b04f2,-7.790436670273891,-5.675708693831457
Cl2S2Sb2-e0d32f9fbe77,-6.920942410327161,-4.664521213555496
F4I4Sn4-0eb116b04da3,-6.466586577880945,-3.713047342231701
K2O2Rb2-236fecb345bc,-2.852955047349393,-1.1345671499537369
P2Pb2Tl2-9ee3d3a2059b,-4.005154434428224,-3.30512653302649
H2Sb2Se4-cebe47198407,-5.778096121349616,-4.633651404212549
Ag2Hg2Br6-51be7347a0a8,-7.271733307862277,-4.770037183838644
Hg4I8-e23351837840,-6.7789109770770715,-4.289118532412536
Ru2F8-5b1d25d726e0,-8.987893755799828,-6.701512726358546
Cu2I4O12-d98e8fc8cb52,-7.315606356144528,-4.420411214924567
Ge2Hf2Te8-8a1880beea0b,-4.791644877567855,-3.724944861982545
PbSb2Te4-8e5a0876861b,-5.3010166211589835,-4.596574727305202
O2Ta2I4-ada3369084ef,-5.308295587860628,-3.6717627887033766
I2N2Zr2-0836ded4c924,-5.199436984660765,-3.964463383659817
Ba4F4Sb4Se8-fed9bbad4345,-6.054656325501028,-4.00952437128371
Br2Mn2Sb2Se4-273b68127629,-5.346538174438443,-3.9804222114181034
CuInP2Se6-62b49a0c8a27,-6.46492335981749,-4.4140171589109976
Se2Sn2-fdc2b9533037,-5.444828405962616,-3.2231092203395457
Ag2I2-0c52f79478e2,-6.157055764705712,-3.3752061827722835
Au2Se2-3a5cf30b34d6,-5.97051458012543,-4.409156402596237
Ge2Se2-9b75762d0ef6,-4.7592202377607356,-3.2000381389296626
MoO2-152bd69757aa,-6.984422051258352,-5.332982708884343
PbI2-82db29775962,-6.7991197460028125,-4.499447842583534
PdO2-de604d79f9c3,-8.803193458608238,-5.927701157896787
Rh4Se8-af61e881e0fa,-5.988960889705416,-4.942684387844336
Ru2Se4-7bbcf668755a,-5.789070710320328,-4.193833754410059
WTe2-3c87365bc48c,-4.500864404350649,-3.3600002482350058
ZrCl2-dc09b7c396eb,-4.070012908425709,-2.569985041807123
PbH2O2-312f30a3cbc6,-4.734813641734401,-2.0204859356391065
Al2Br2Se2-1b6ba48355c2,-5.955965067474165,-3.6334857274965224
AsBrTe-64921449e408,-6.149773465874619,-4.31050266670764
AsIS-b13beafa16aa,-6.1896363524483,-4.239629737034787
Bi2Cl2S2-99346f7e250f,-7.522783127629875,-5.864367830899163
Br2Sc2Se2-5ac3898b9a10,-6.535208153346302,-3.715213440702415
ClIZr-73202b4b7837,-3.7234114195901826,-2.4067990932215975
ClSbSe-0c0fbdaf8f4a,-6.652618100396558,-4.8488946067850005
Hf2I2N2-f02e6e3d1130,-6.215182817858309,-3.5511839520948216
ISbSe-df0019ec24b5,-5.952852620274742,-4.423699716519952
SSeZr-1a9901838600,-6.196815395384774,-4.683005386256773
Ag2I2Te4-27e83673114d,-6.054384537132618,-4.165299565289551
Co2H2S4-8a604096ad78,-5.816503297964559,-4.612097561568812
Al2P2Se6-90d84f697622,-5.101083628925416,-3.896339559072936
HfMnI6-502a8c200800,-6.445441171620125,-3.6578642100528898
S2Cl4Se4Zr4-246f8c168069,-7.244348409431839,-5.927542871887603
SeMn2Cl3-34c4335e83df,-6.996761447223358,-5.503016911898923
PdNi2Br4Cl4-891b419ecbe5,-7.752465121209334,-6.147982476894568
AuInCl2S2-5aa3d8b92b5a,-7.498805096827036,-4.914405922443554
GeZnBr2Se2-606fec19ac7b,-6.301537184623044,-4.800997579195687
HIOSr-b95a1b2052eb,-4.864409731288503,-2.8483015698164005
ClGaMnBr5-cda836451521,-7.504195868435261,-5.584815623881436
Br2Cu2S3Sb4-2dbd9e80e4b9,-6.293665544910577,-3.617509885560497
Br2Cd2-2b24ece7d0b2,-6.617274909002422,-4.14430511170005
Cd2Cl2-0089607de839,-6.695016988871842,-4.385317967166426
F2Pt2-bad21013bab6,-7.783762197693719,-5.61875757653575
Ga2O2-246f99de7589,-7.803239855897822,-5.379916771222222
Ge4Sb8-034423cf6a88,-4.881108310281384,-3.5481488038464546
CI2Sc2-62998badfdce,-4.633109647256845,-3.8739230586440865
Nb2I4S4-79eb4c9112cb,-5.776854978364842,-3.4927215216374785
SeAs2Te2-61fd731383f1,-5.146750381244132,-4.153585177950964
Ta2Br4S4-1ec3b7bd4ddc,-5.728346116703282,-3.3238796416579417
HgBr2Pb2S2-4e2a95fb987e,-6.485042830475537,-3.6676702670364296
Tl2Pd4S6-8d0ae12751b7,-5.56046814992438,-3.651774422980754
MgIn2Te4-6205135ebc1f,-4.949598946108525,-4.087879372266251
I2Ta4Te12-f426ae51290b,-4.835165755047399,-3.8112357526448464
PdRe2O8-12cdaf7a7dd0,-8.736914549007171,-5.957099641039155
Pt2F6-1e800b7806a3,-8.206466849541068,-5.503263189528352
Br2Re6Te8-13a6002e17ec,-5.632968902223003,-4.68848424206543
SNb3I7-f03f5472565a,-5.333464597894317,-4.098642388677457
TeTa3Cl7-7fdff418de0a,-5.273525264464411,-3.7636065470754407
Ru2Cl8-1c1ff44e5c71,-7.292733130638943,-6.309342694707767
Al2S2Si2-b3d85416ef1b,-5.1035666683603615,-3.3842003932729385
As4Pd4Se4-74197c62b6be,-6.199384151835444,-4.916852144166194
Au4Br4Se4-ce1090b7fd22,-7.174106247898788,-5.18357095536556
Au4I4Se4-18a046cb6d9a,-6.467389706315604,-4.983531948372868
Br4Cu4Se4-9046edd34324,-7.407132670426258,-5.988185286507111
Br2In2Te2-c919100fb7bd,-6.983817043291348,-4.510333419005759
Br2Rh2Se2-e7e3f0878b3f,-6.408331260771651,-4.268713871075125
Cu4I4Se4-7a8fd5b8781b,-6.80543447596149,-5.593572517819095
F2Ir2S2-72b7fdfc33c5,-7.3459040442225145,-5.90917881079974
Ga2Si2Te2-a86161664adb,-5.313958632507862,-3.468938421470805
Ge4P4Te4-374d0c6c5204,-5.513225961513445,-3.6786320182606618
P4Pt4Se4-e17fda9b0375,-6.288603908078141,-3.8535060624293025
Na4Sb4S8-4cb256885450,-6.0146674564701375,-3.913085059325744
AgCrAs2Se6-00c2df1a5c91,-5.922335472063738,-4.651920675803492
CoLiP2S6-9297fbac30e1,-6.979922184745631,-4.584720683162667
CuVP2S6-992c0ecabf0d,-6.3866918313178775,-4.728582794363597
GaNaP2Se6-afc23a370cdd,-6.491286448654131,-4.081350484982956
InNaAs2S6-b86d8d87fbda,-7.135259488555735,-4.299231619437619
Sb2Sc2Se6-1e11839ea1c1,-5.525465624548161,-3.929508206081818
Hf2Sn2S8-65b6ebc957e2,-5.806273694474583,-3.8288503735093347
Mo2W2O8-593cef4ba4b0,-6.858349294763192,-5.018248693106153
HfPdBr6-f1eac7ea22fc,-7.054491935390338,-5.051886287010747
Ag2Cd2Cl2Se2-7f83171c3309,-6.328950346808309,-4.247744224596308
Ag2Cl2Hg2S2-e10b50f6d0c5,-6.87988666332746,-4.353859707752591
Au2Cd2I2Te2-01b5bbfc75d5,-5.400236967043126,-3.8990164685613284
Cs2N2O2Os2F10-e74e88b4f1d6,-7.888686165965406,-4.998029534058566
P2Se5-36860015f0fa,-5.742393283111793,-3.7866759647195534
Si6As8-6dd188af2e2a,-5.6796083970056195,-3.6019584203500026
AsSb-5f0b466f7a74,-5.263465069631637,-3.5185252427081983
Hg3Te3-cd59b0197f37,-5.166818334862045,-3.992823265916244
Ag4Cl8-e7efa0b07b04,-8.31984882915602,-7.541969673362278
Cr3Se6-9f686f1d9589,-5.2701074378856685,-4.111924621071412
S4Ag8-8998896c4f0f,-6.631365477395693,-3.658405370547171
Sc2Br4S4-39e773ec8522,-6.9698801471455845,-4.5756920321970815
V2Br4Se4-bb0847d98d44,-5.422837688657815,-3.612826891086741
Zr2Cl4Te4-92ad85fe079e,-5.586999104300267,-3.8862027678933337
Ag4Na4Se4-58c9b25e5da7,-3.9614853610157237,-2.6297113474831795
Au2Rb2S2-605bde70c754,-3.2687748282769435,-1.490834217934728
Cl4Ga4Te4-183201fc7271,-7.0313810107843,-4.16344188903647
K2O2Tl2-154c1c22461d,-4.335069192493727,-1.8988148206486049
Cu2Sb2S6-6627e766c0c3,-6.713872816762407,-5.356002872719705
P2-6d3f01e27e31,-6.648941194092733,-3.914980769415619
In2Te5-b66be03c9cb5,-5.371747245646434,-3.7227246473637794
MgAl2Se4-6abc5afac004,-5.423221122776518,-3.439702236531425
Br2Cr2O2-40d95997a4f9,-6.68635818818786,-3.934152489964706
SeTa3I7-9e50f5a01c6b,-5.10588936815433,-3.850332805707839
W2Sb4O12-1a26b273a618,-7.696218571955717,-4.745288555945683
Cl2Mn2Sb2S4-313196b2435e,-5.696729340601301,-4.077864994289859
Cr2Br4-6ac7d821ad3a,-6.256753793754425,-3.656732733891347
Br2Cl2Cr2-39b94cf84aaa,-6.460953647712235,-3.5918349438270076
Ag2I2-d7506967a8d5,-6.22619617098695,-3.304310717344903
Cl2In2-9d0130e99f0c,-6.855769814310758,-4.818379527395651
Ga2Se2-394e5709a3ac,-6.2640893304371446,-3.758399947379096
In2S2-172ef584c4a6,-6.861641595948422,-4.43081634674094
CrSe2-9a6ff6a3c41a,-5.130011557472282,-4.001577138311476
Ir4Te8-b7f7b2f1f103,-5.057761047040231,-4.160238899826156
PbI2-9e6494406d07,-6.7366025107975505,-4.332678421938635
Pd2S4-b53de4491ef5,-6.320918595848251,-4.306074141942062
PtS2-77caffd1d3ed,-6.87435653284961,-4.386395169850859
Re4O8-7ae3f753661d,-7.166978923293687,-5.069460139174943
Re4Te8-7c1336422fd2,-4.793500557299779,-3.462563894541291
SnS2-08a9307b286e,-6.879446135449695,-4.370083702581694
WCu2S4-812e863395ac,-6.8423398026203825,-3.8482286112728206
Mn2Cl6-5d0554fdd87b,-5.242075769094506,-4.363469938152161
Tl2Cl6-a7ad562f5ed6,-8.88799801132317,-6.162576980020463
BiIS-acdcd16c0d76,-6.687019832491504,-5.213045853539063
BrClTi-d3f135b9cf41,-3.77693226367582,-2.480226151165444
Br2Cr2S2-806bd2cbdf65,-6.943201507222053,-4.9203279664818265
Br2In2S2-7214206fb620,-7.234223273786309,-4.505537275798069
Br2O2Tl2-c3c952d61f44,-7.936760952977065,-6.158868126637752
SeTeV-716e51e45afe,-5.057284368408717,-4.2262561100734235
Au2Br2Se4-195d21444368,-6.312633008745056,-4.809717412166293
Cu2I2S4-f8587bc84f8a,-6.870132919536884,-5.052556199302934
In2P2S6-793870f62166,-5.854522635849939,-4.459594416664875
ClHf2Ti2Br7-aa85aec092a1,-4.368453592937274,-3.2713550793899286
SeNi2S3-b27bc344dbec,-6.301845804735647,-4.952237828585119
IIrTe-0a961f16fb2b,-5.23137290852573,-3.410243648488759
SSeGe2-317532774258,-4.8968854991052595,-3.131246612243145
BrClN2Ti2-c09902ddac6a,-6.882761424636274,-4.76545098507148
BrIAl2S2-d94ee8813a82,-6.036082122232216,-3.844198061859469
SSeAl2Br2-5e112bae3cad,-6.293640853183974,-3.556360958687752
SSeI2Rh2-95b6db7a5c21,-5.797198716666067,-4.817391110837933
BrClI2O2V2-7908c340fec2,-6.72166041422607,-4.131750609963368
AgGaP2S2Se4-d4e7689b8581,-6.116152103686307,-4.314796542858221
ClIGe2O3-8633e7ef375a,-6.095254779463701,-4.149063224100764
MoZrBr3I3-708e7bbf0b4c,-5.330419527114892,-3.687995421655072
AgMnBr4-aebdc5e23a9c,-7.044997150792414,-5.665447341215133
BrClS4I6In8-7b120c0fcea0,-6.32932213398513,-4.364596494240837
ClIOV-0a9188fe268d,-6.376725561778695,-4.248065429335981
Br2Cu2Se3As4-286a166a4fe2,-6.4835074918233015,-4.000268212245769
Al2Mg2Te5-1ed2fefd5639,-4.579619970504011,-3.370156849859674
Al4Te6-cf8725bf791e,-5.668118464530536,-4.139253745709153
In4S6-237fd01ab215,-7.410512772488023,-4.829478146681409
Tl2Se5-f81a5e488f5f,-5.944445849141359,-4.469102867962251
Al2Te2-f181539612a4,-5.138868388270069,-3.053211059352357
In4Cl8-82bfe5d6f520,-7.465182724885566,-4.58443380342732
Sn2I4-517403b81a90,-5.8763274633878755,-3.6985177339265842
Nb2Cl4Te4-79a8d6da4b48,-5.012675554248415,-3.992565297007449
Nb2I4Se4-3108441fe542,-5.450990983440072,-3.640997740026811
Ta2Br4Se4-c63c8e5e47c6,-5.372251898587359,-3.647263870719148
FeGa2Se4-2c208055be6a,-5.463869465698409,-3.7033495793420994
Hg2Na4I8-da6e68049fd5,-6.88859379444209,-4.031305862611009
Sr2Bi4S8-c68645ddd3fb,-5.416862462395539,-4.66104041246536
STa3Br7-39067255bbf5,-5.402410109206464,-3.8920720284782115
TeTa3F7-3d08d9502a71,-5.159526529874215,-3.457162260673607
As4Pd4Te4-bc9376183fc1,-5.7939796922714795,-4.826726999678643
BiFS-b6a6f04528dd,-7.332693147119533,-5.077284579808115
F2Ir2Se2-c7d6a26af273,-6.1973227954470715,-4.025710588940461
Ge4S4Sb4-87509435e6e4,-5.98722923510994,-3.5110451348548875
I2Ir2Te2-b5892f644981,-5.3341146351420745,-3.6628971233451475
Au2Cl2S4-a968fc1e85a9,-7.193046449933757,-5.279560249202593
CoLiP2Se6-30df4e4a852d,-6.363394749266675,-4.359629664211775
CuVP2Se6-34c64c8665e9,-5.975304979191633,-4.46472276313559
InNaAs2Se6-116f6c0765ec,-6.536932077092159,-4.41609500140863
Al2Ga2Se6-1ae27fd027e8,-6.580260326161909,-3.8514259096093997
As2Cr2Se6-91a65117910b,-5.1421950326038965,-4.292601867293951
As2Si2Se6-fffbadebbf26,-5.826865563371435,-3.288478278436738
C2K2O6-17e8c85175b6,-8.3929857045055,-5.700721750703672
Ga2Ge2Te6-7cd04efb4b40,-5.155952329928362,-4.413005893272455
Ga2Si2Te6-fdb199dd71dc,-5.227093306621086,-4.500721605839348
In2Si2Se6-11465bef4877,-6.428486096352873,-4.314377575019336
Ni2Se2O6-14df853370f3,-6.386436993908211,-3.8320175127846996
Pd2Te2O6-5d807d4cd40d,-6.007078048423058,-3.498265378864475
Hf2Sn2Se8-29fc8400c118,-5.3058701361108085,-3.691921502890432
Ir2Ta2S8-fa4ce7f5bdce,-6.333327554872122,-5.002015772378358
P2Sc2Se8-5fcdcb0b5525,-6.375404860516019,-4.221883082580859
HfPdCl6-16e415c5dcc2,-7.755111680849707,-5.295815230024907
Li2Nb2I12-36fb8f6b2dd2,-6.204613210583449,-4.518302540956384
Ag2Cd2Cl2Te2-befa20c1479e,-5.896444262674496,-3.7431497342805518
Ag2Cl2Hg2Se2-8041fa0f0c67,-6.596391389994384,-4.234756833144213
Ag2Hg2I2S2-12bd342ea8e1,-6.301562717999171,-4.292706717100467
Au4Br4H4S4-80f51d27b527,-7.273802012228342,-5.376646441096984
BrCdHO-d53ee85026d9,-5.9892664470305945,-3.316456620725975
Ba4Cl4Sb4S8-b1cbf246daa2,-6.3117953480010645,-3.34496130653673
F4Sb4Sr4S8-6fa0b4f60915,-5.978878354628181,-3.8873704105168128
As2C2Ge2H6S6-2a66eabf407b,-5.544102871444089,-2.9519977351001203
C2Ge2Sb2H6S6-c6346496a115,-5.448460074709832,-3.062664357073058
AlCdInS4-aae03c270ca8,-6.017168645542045,-4.139925509368517
Bi4S6-b97fadc0206b,-5.945468125567595,-4.409847363011143
Y2Te3-92322be98b10,-5.840609600240802,-4.21532833324268
Be4Te4-10d819872565,-4.949073135089996,-2.4439025838276986
Fe3Se6-154c79c452d2,-6.23132772206245,-4.86886108220781
S2Au4-75adb6bee627,-5.377343384393591,-4.238362696958211
Se2Cu4-92ceaa56d8a0,-6.016884181049143,-4.80795267377365
Hf2Br4S4-a6b4c785fc3a,-6.70316925883289,-3.822689683443168
Sc2Br4Se4-daa99f453f74,-6.4780260907304195,-4.457480675816733
V2Cl4S4-e611d871af40,-5.877191728492116,-3.6448337644574913
Zr2I4S4-3a3abc812795,-6.563725634646005,-4.049592805883192
Ag2Na2Te2-b53dfa0bf4cf,-3.777703176116395,-2.359093822571574
Br2Co2I2-ac99918bf48f,-6.439538188778639,-4.225306095239907
Br2F2Pd2-eb80fd10cf63,-7.497882649787448,-5.361211970148778
Tl2Pt4S6-c075fd56304f,-5.53393293090088,-3.460319425346352
TeTa3I7-88d0d3a29896,-5.005437940471097,-3.7820062709785685
Ag2Cr2P4S12-c3bdd3a464e2,-6.8369884370403105,-4.1216573382985935
BiCuP2Se6-0e28aa0ec195,-6.363725190382037,-4.303600448521378
Ti2Cl4-dd95e2037e0a,-4.638396518998366,-3.6416518088918193
Ag2O2-520a721ec074,-6.698456785575711,-5.572660395469267
Al2S2-dce599ea3912,-6.7101580471097995,-3.7655562515025234
GeSe-211bcb7f05d6,-6.222464666525756,-3.307945426053141
In2S2-1b7899449ed6,-6.842809256920608,-4.488751471755482
Sn2Te2-03bcf7dcdaf2,-4.228841567138573,-3.3314274513887914
MnS2-a1fb52b45531,-5.915095166734783,-4.78091899670446
NiI2-0e87e38a2099,-5.898823982308399,-3.994781681551734
Os2Te4-20733aabace8,-4.946905994010004,-3.567945201597702
SnS2-42a44e4e7298,-7.381793416162994,-5.021120672082947
VSe2-8535e643c6c5,-5.4630419949317055,-4.485545778140873
ZrSe2-7dc2a0a57b42,-5.8860203802090965,-4.683654899278065
WCu2Se4-3630245c0f9d,-6.1695004942720795,-3.7250721006117904
Cu2Cl6-28fbb0f1e271,-8.37218147263072,-6.9632423932492715
AsISe-5d829e480507,-5.943556724240972,-4.2586288235304455
BiClS-c96ef4fc869c,-7.380108477175156,-5.635187518777973
Bi2I2Se2-efb58383c7bd,-6.559503626064663,-5.379135061372816
Br2Cr2Se2-6d18e7a36c5a,-6.322517638193867,-5.31366293528114
BrHfI-836a1091409d,-3.361143863792787,-2.204128584214895
Br2In2Se2-06798ff26674,-6.66107378098158,-4.774108672969559
BrSSb-4da5c6be60db,-6.564186723438219,-4.726600571489152
I2O2Tl2-819911a90521,-6.462781577749544,-5.597500079742049
ISbTe-0f02957b17cf,-5.63654757670722,-4.314934923894276
Au2Br2Te4-5e64ed168c9e,-5.943634959200896,-4.322379556764013
Cu2I2Se4-b30d27347163,-6.720690539490846,-4.62146182748087
Cr2Mo2Te8-988b11badabb,-4.691973216287388,-3.7121729399532946
Se2Bi3Sb3S7-72bc061cd0e5,-6.16300995467896,-5.291654699842114
Br2Cl3Mn5O6-ab1c298ba0c6,-7.264794452045107,-6.263261191566633
SeBi2S2-7c8e394106f7,-6.583435947900681,-5.659979275928662
PdPt3O8-a438c62779a9,-8.130587001575192,-5.682888114771789
Br2Cd2S2-2ad8b785c57e,-7.1350593954323305,-4.341926160764587
ClCrTe-736cdc178a46,-5.248752201408637,-4.141196862510765
Cl2Cu2I4-083a955dd2ed,-7.035362472328995,-5.962381517508366
OZrBr2-983bba138ef3,-6.778249989757558,-4.533199528005035
BrICr2S2-986f6cdab532,-6.3181987477653125,-4.100324502134461
CoRhRe2S8-2598aa443525,-5.642463562873161,-4.912946873815264
NiPdIr2Se8-9b27a74142eb,-5.737418094736937,-4.704698639091925
AuTlI6-126e08c17e7d,-6.581299980192544,-5.22269749273815
InMnBr6-6a990abac7ee,-7.442288965560363,-5.721518693012288
AuBrHgCl3-f2c8521426c7,-6.704585259414515,-5.556471233513296
TaVZrS3Br4-c56c27687907,-5.036362135804357,-4.034646573874993
Ag2Br2Se3As4-a2392ff03900,-6.420772889575402,-3.848966041743635
Ag2Cl2Se3As4-3ba4c543e5d7,-6.663955568817174,-3.819485754950443
Br2Cu2Se3P4-88d5808c17e3,-6.832307303518636,-4.276119805320047
In8S12-807656f81568,-6.8147610374045975,-4.124308670271166
Cr4O10-ab5b57412831,-6.921807755670662,-5.600978663520571
Tl2Te5-9f9ff4b46a1b,-5.392498479818005,-4.289999608368724
Cd2I2-369d58ce1d9f,-6.20597493594148,-3.5641416624168984
In2S2-bb4d7aa7b2d9,-6.192039791777983,-3.528005298370742
Cu2Cl4-4503d1131e4b,-8.148146156946957,-6.125227853538311
SiS2-363c834f218e,-6.303445517676115,-3.51168712697592
Nb2I4Te4-a25aa229b885,-5.041523544276932,-3.757565391540519
Ta2Br4Te4-dad560d9b4f3,-4.930478177481631,-3.8478367077079736
CdI2O2Sn2-e8e0483e973e,-5.9021636501324775,-3.137853340955148
Mo2Cd4O8-7c031c55f6d2,-6.635760573546907,-3.9343667860963
STa3Cl7-335347dbb412,-5.572059931945102,-3.9288775477437152
CrMo3O8-1912e5847d91,-7.202974249287708,-5.8517725745131886
Al2Se2Si2-90be86351dfe,-5.460218810836743,-3.2732894525477167
As4Pt4S4-c9be3a482ba5,-6.399917360537923,-4.338553510204605
Au4Br4Te4-545ebe313dc5,-6.663605925051156,-4.803543798765239
Br4Cu4Te4-7c6ac8e7156e,-6.745287625401032,-5.6101637494471355
Br2Rh2Te2-522e76740d98,-6.1798933054674094,-4.2152486298726135
Cu4I4Te4-1948bb5458cc,-6.416922904045433,-5.319613339714173
F2Rh2S2-1801ed6a1c18,-8.010008198944806,-7.091974495545058
I2O2Y2-2232d905a93a,-5.932877737802059,-3.0986677704423924
Ni4P4S4-af1b20e1b46f,-6.815981790746446,-4.643647970835662
OSTi-619d310f9601,-5.474018038149562,-3.6975030047015895
Au2Cl2Se4-b8747134d571,-6.700339086520651,-4.96304815519472
AgBiAs2Se6-84f0f952c243,-6.268098421672931,-4.944900607431487
AgCrAs2Te6-f61f94963c66,-5.14225237535824,-4.382170540445139
AuSbP2S6-cd1da2449cf3,-6.3030317622336245,-3.932033105079827
GaLiP2S6-2fa393bffd86,-7.130108399791044,-4.133284489940065
Al2Ga2Te6-a18e76e1de9b,-5.547939557602295,-4.157325385254865
Bi2Sb2Se6-c6fe24085610,-5.786795022665274,-4.312607827056503
Ni2Se2O6-4c22e4473b33,-6.557255209271661,-3.7419400623535104
Pd2Te2O6-f0736f96a462,-5.365039402751229,-3.564791477275648
Hf2Sn2Te8-152eb8ca5f1f,-4.702106784495127,-3.728771550823603
Ag4Br4H4O4-1eb78c92faae,-7.036603503427257,-6.098622770319675
Ag2Cl2Hg2Te2-40f175efa1a8,-6.015072673149678,-3.74317908845324
Ag2Hg2I2Se2-078864c70cf2,-6.228090608219849,-4.348267991680857
Au4Cl4F4S4-96cd3cb4bb4c,-7.27157737551191,-5.731311867997205
Au2Hg2I2Se2-c4be79d29e58,-5.751651138165975,-4.811224974170406
Cl2Cu2Hg2S2-480904d97ab5,-6.977919620963801,-4.6322248578034575
Ba4Cl4Sb4Se8-7d54665f469f,-5.988790548841953,-3.643656639741007
F4Sb4Sr4Se8-dda858321680,-5.572690487241205,-4.32388178555545
F2P2Pb2S6-107940e36212,-7.10188149884322,-4.133208377987183
AlCdInSe4-2f266817c53f,-5.458362199719756,-4.350687440757448
N2Na2Os2S2Cl10-df90c424c6f8,-7.073242374886428,-5.373585962108291
Ag6I8-62ac4886d70e,-6.530473970053343,-4.241234720431984
O2K4-99e16c640c76,-3.1358041547987003,-1.2184269541073673
S2Cs4-522324566313,-2.934351090162039,-0.8457572053151046
Hf2Br4Se4-a4230658f1f1,-6.268086252991824,-3.7453575567650956
Sc2Cl4S4-3570afef9d85,-6.950497828512613,-4.562592344693071
V2Cl4Se4-82f75a518e67,-5.371925286306626,-3.6802185554853795
Zr2I4Se4-7df1f62d057d,-6.157973966599483,-3.9149551936044924
Ag2S2Tl2-f36b14b92abb,-4.394855489066867,-2.5296292089738324
Cl2Cr2Se2-98758f39793b,-6.633124088006623,-3.87469296043165
Ag2Cl2Br4-069c51631c9b,-7.564771360488967,-4.880764060781242
As4Se6-b8c4c860d745,-5.990083705833225,-3.454813160806147
Mo2Cl6-086e8348b60a,-5.927525818008414,-4.38167388559374
V4O8-9af1dad2fe67,-6.882781452158337,-5.330643096955109
Ag2Au2Cl8-5cccc4353dcd,-7.964319918042245,-5.631847572712884
Hf2I2N2-d17d8975c992,-5.118637694400807,-3.682842298776842
Tl2Pt4Se6-3a01748ba4ae,-5.310822113864948,-3.5550309419881194
AgGaP2Se6-678b86393994,-6.019725372995544,-4.326150822824198
Cr2Cu2P4S12-55812fcec513,-6.904401995239755,-4.296982647125296
Zr2Br4-9c4718823b56,-4.4869611731475185,-3.3468101233446146
Br2Cl2Hf2-2521a77dc3d8,-4.578452427152042,-3.165740931918961
P4-276f0a298324,-5.400153589001748,-3.8889662206374327
Al2S2-f9df9f4a5c34,-6.746371319042668,-3.8657760663066463
Cl2Pt2-93dfef2d1004,-6.642356960731061,-4.409942615637345
Ga2Se2-8a6a5075fdf0,-6.242987543908823,-3.872172411612523
Ge2Te2-3b5fa8791e0d,-4.313175055620033,-3.2100099708511274
Pb2Te2-fdc4a7cc1d0d,-4.722442062096423,-3.8445474192547464
HgBr2-2af12bd12520,-7.680464365637881,-4.752566382473129
MoTe2-38a53176109a,-4.806955754453361,-3.4373516455754394
TiBr2-57116f9a9a4e,-3.560003595592356,-2.394390746668001
Zr2I4-a5233adfb04f,-4.1966547507445435,-3.323377583840216
WCu2Te4-42331331be92,-5.206965548777619,-3.7188642207856835
In2I6-68457dfb5c70,-6.716354346472441,-4.320707616780355
W2I6-b36e4bfa0c87,-5.405549906031759,-3.375853529295245
WCr3Te8-6523c349753c,-4.603826380627002,-3.7626851415316467
AsClS-afd0d75a82a2,-6.934821267426743,-4.67639316532522
Bi2Cl2Se2-c326c8e73d16,-7.284768617575589,-6.048787791888638
Cl2In2S2-deefb141a3ba,-7.342006642578426,-4.693147705078445
ClSbTe-da5fd2bb47af,-6.39012629476534,-4.524047799192634
I2In2O2-7c4141b0ea1e,-6.370932696756748,-4.345383738182202
I2Sc2Se2-95558a590f15,-6.290381284597346,-3.5894071639141725
SeTeW-6e2a4c6f4f57,-4.7962962921846675,-3.3028842353921553
Cu2I2Te4-87eeef832712,-6.290729023383706,-4.124930195711865
Cr2W2S8-5974b6403c31,-5.726967373489401,-4.285281247986076
S2Hf4Se6-24fc185ee3ac,-6.012712361782144,-4.668417105739287
VMn2Br4O4-1a650a9df2cd,-7.278444574102902,-5.249808688205009
ClIGa2-c336b3f2814d,-5.034696994334006,-2.599066638838172
GaRhCl2O2-096422198565,-6.612417272132726,-4.608375988041724
SSeBi2Cl2-9bde8e2172c9,-7.366548418657229,-5.851370187709531
SSeI2Sc2-8e9d3a2f5e71,-6.445547147986106,-3.6779974115570613
BrClIr2Ni2S6-8e6ead713ee8,-6.187593280415366,-5.298592202509941
GaRhIr2Br4S4-58f4827be118,-6.299605889033128,-5.162306925427256
SSeCu3Br5-9794c699747e,-7.385113355091515,-6.531666629121293
AgMoBr4-2c2e85192fe9,-6.119534386611223,-3.953555103994193
NiPdS4-915860e9d4fd,-6.418890738247544,-5.266075366489086
InNbBr6-e8f198a54135,-5.997695932524654,-4.52419905265209
Ag2Br2Se3P4-4880476b5d02,-6.782684514727579,-4.132096710398086
Ag2Cl2Se3P4-c062a3767f41,-7.089484893910777,-4.102586642692778
Br2Cu2Se3Sb4-a5bcda36fc79,-6.192639281067892,-3.720839518763475
Cu2I2S3As4-12662bd21174,-6.352246859944239,-3.7670116964516027
Ga2Mg2S5-f6822d53ac63,-6.189648324021503,-3.9437080529355586
In2Mg2S5-2e33b8c349fe,-6.368874066878458,-4.098692751984543
In4Se6-5aa8560dfab5,-6.710185333005314,-4.979314194769487
Br2Hg2-915289d04444,-7.366784204103828,-5.1299135174313815
Ga2S2-2e534b47f40c,-6.143998573096118,-3.3851120263448102
O4Sb8Se8-5fa3109b3d50,-5.509058202367093,-3.4262277810923023
Ta2I4S4-fba7e88cf80c,-5.594836798783594,-3.337673875390902
In2Pd4Se6-a69692865b94,-5.5494436683932475,-4.259291137385311
CdGa2S4-27d03bf7075b,-5.953670603984203,-4.500460531860034
FeGa2Te4-6a5eaede2ffe,-4.4522647309416925,-3.534714488987891
VAl2Te4-3fc9de33e5e3,-4.449606447597997,-3.2547007552258935
PbNa2H6S6-78eb79f871ca,-6.3914110964299935,-4.016725313751684
STa3F7-3ab0eb0108f6,-5.44939146977759,-3.6506900768895973
BiFSe-0b3ab4ca586b,-6.80692901496669,-4.82555147493431
Br2Ga2Te2-efaef3cec95c,-6.82763027198699,-4.090868941392662
Br2Ir2S2-331a3e2ba643,-6.006338373653061,-3.9409904118311103
Cl2Sc2Te2-663ca585f5e9,-5.15203201999489,-3.7110923338694484
F2Rh2S2-025c1f0cb378,-6.930785172549449,-4.755613604778862
Ga2Ge2Se2-d132be1a56d1,-5.289763017039498,-4.368375695938555
Ge4Sb4Se4-ac391bf76926,-5.7850035381555145,-3.620345956417255
Ni4P4Se4-4b667242c04f,-6.688358675601712,-4.667722723837777
Ag2F2S4-f30dffba992a,-6.973741275060426,-4.984129407432389
Br2Cu2O4-cd212743b4ba,-7.700561222927201,-6.48869167900447
K4Se4O8-05fa6ea7cfa6,-5.067065881088273,-2.3161864747748546
AuSbP2Se6-27323097ff7a,-5.8595182235376475,-4.366832835487976
GaLiP2Se6-f90464a6c140,-6.4275804916301595,-4.239459930374534
Li2V2Au4O12-b3e24690025e,-7.481904493967074,-5.180145582700932
Al2Ge2S6-db162b1cea86,-6.641221281341196,-3.732502386967921
B4Bi4S12-9dae727f4ba3,-6.256553149884107,-3.8790289053722673
Ga2Tl2O6-083fb9fdbb9c,-8.545829616728446,-6.516273779241728
Pd2Te2S6-36be3978847b,-5.49163457966701,-3.673887965534048
Pt2Te2S6-41c0d6586c37,-5.378163134441305,-3.6471902909292058
AuSnF6-d3e31d26d427,-9.098074211446328,-6.6778650705953915
PdZrBr6-9a857f008cb5,-7.048580199646845,-5.074883899310103
Ag2Hg2I2Te2-8765c35ba2c2,-5.8902610093184435,-3.967690290558026
Au2Hg2I2Te2-a3c40e2bc892,-5.460856981554075,-4.363220010787177
Cd2Cu2I2S2-66a20a15c5f4,-6.285708334711709,-3.5638626532767774
Cl2Cu2Hg2Te2-462419040894,-6.085570049815721,-4.027886424673625
Ba4Cl4Sb4Te8-e71568d3cf2a,-5.39792076748146,-3.9873392826519636
Cs2N2Os2S2Cl10-2420ae83ca66,-6.9465585027333265,-5.40286006782539
I3In3-ef55c240d366,-5.224550811016432,-3.240740605431119
I3Tl3-4d98ecf16286,-5.585617117630865,-3.204728678457079
O2K4-e6e3885b576c,-2.9604746747927937,-1.1261767721601519
Se2Tl4-2aea7b548717,-4.594599952745181,-3.0564482970549274
Hf2Br4Te4-a90f0ed4d76e,-5.57931731544381,-3.8563650056352476
Y2Br4S4-4589edd493e7,-7.108666926875554,-4.666642320243491
Zr2I4Te4-77855f13e55f,-5.508246272233134,-3.826966990035906
Ag2Se2Tl2-f5cac1c6b6ee,-4.168291066723994,-2.752896549217853
As2K2Mg2-19f4b8cd6d33,-2.2989268204845605,-1.1593585034945018
Br2Ga2Se2-627893c592ea,-6.725289089927636,-4.431348186618253
Br2N2Zr2-9eda13d204d8,-7.816376381261689,-4.983202582460594
Cl2Cu2F2-fd4a7e7ddfb6,-8.618232541684858,-6.123408957569296
F2Rh2S2-cfdb596ba17e,-6.5712899372892855,-5.8509622606481555
Li2Rb2S2-7ab0e2801a91,-2.8549222663876357,-0.7672791902099585
Au2Br2-58af1883d469,-5.900046398823648,-2.9736794143707854
In2Se2-0a48e35c06ea,-5.796647109840743,-3.5431013118139254
Si4P8-61613c21d55c,-6.163182035583445,-3.8647020691546814
FeGa2S4-362cc8f15083,-5.629438071268656,-3.316854932358163
Pd2Se2O6-2e7b44920343,-6.6000368716633115,-3.9369895897763105
Tl2Pt4Te6-bfab8880b6ae,-4.76875870413654,-3.7582190371500124
AgInP2S6-9847151f8edc,-6.63746570467132,-4.272157941364286
Zr2I4-2fff9853c500,-4.213908358332465,-3.324751349596667
Br2Hf2I2-634d76f830b3,-4.2509015733235085,-3.1011431309847657
Sb2-63094a4b50b5,-4.800213492785896,-3.393959256336702
Au2Te2-d57228736661,-5.169573266772481,-4.1026123375536585
Ga2Te2-1b0b43b113f5,-5.525671511785472,-3.689197222671719
GeS2-69b36b84eb8c,-6.424981060974748,-3.990988727346799
Hf2Br4-69aac3df8db3,-4.433479488723582,-3.120564100399702
Ir4S8-1ad827226ca1,-6.40194143333369,-4.881903728789594
WS2-64090c9845f8,-5.667972771379027,-3.6130441813724197
YBr2-32aac6e20434,-4.02960852372749,-3.1284218873651533
ReAg2I6-bab1ec0bdac5,-6.200444462762783,-4.8241501455720215
Zr2S6-ca713875183d,-6.534573835906069,-4.332284900973637
WMo3S8-9c2979187585,-5.91019688956788,-3.8344570743345407
Al2Cl2Se2-b7d248345211,-5.756787612622397,-3.5319148787358094
AsClSe-1a3be826b3e0,-6.708506192803316,-4.648535133973841
BiISe-70cbc0e44d36,-6.423503400128273,-5.20783117213847
Cl2Cr2S2-92b8a07f1c47,-7.361090906321252,-5.216738561489311
Cl2In2Se2-59bbb5bc246d,-6.727734020246085,-4.980550317659918
Cl2O2Tl2-9b3666807d82,-8.588116865101725,-6.5486398029459405
Cl2Sc2Se2-0fa2e5513bb2,-6.491035436503612,-3.7894246985288857
I2In2S2-2563c60fafcf,-6.712947538406871,-4.431583122785555
ISSb-5b94060698bc,-6.162435860216222,-4.379986718928324
OSW-b3f989013f80,-5.989087389916948,-3.7321137113312064
Au2I2Se4-96893388f5ca,-5.9518059352033,-4.6106805690006425
P2Pb2S6-7cf77f91eef0,-6.479484834296194,-4.26405518754664
P2Sb2Se6-5d1a32a28ffa,-5.40812387770139,-3.990997521012939
Cr2W2Se8-548aa830244c,-5.071798445469987,-3.8683603219088174
Br2Hf2S3-928e05d7a741,-7.270722264667181,-4.932559658110769
SBr2Pb2-b019e39f662c,-6.967891482939503,-5.20256323010198
SeCl2Mn2-7533086e182f,-5.863273056530749,-3.497550705504769
SeHf2I5-42332c90f354,-4.526222084119152,-3.5537487106890793
AgGa3Cl4O4-830eb743be00,-7.998597396903433,-6.783826215353491
PtPd3Cl4O4-fb7b0169e5e7,-7.293820403003318,-5.503928562534438
BrIrSe-304596587037,-5.724788031203869,-3.467486653745076
Cl2Mo2O4-9e644b7c0f19,-6.480996819001566,-4.718924976040801
SSeSn2-810208d10aea,-4.701744900180016,-3.1794129637498996
BrClCd2S2-f2aadae31fc7,-6.87699516245529,-4.895591429518724
SSeIn3Br5-1421a983853c,-7.657133727029806,-4.759022863558238
InSScSeI2-1918b9f73b01,-6.446627160716606,-4.552333179484631
Ag2Br2Se3Sb4-30781cbd30e8,-6.075190248786245,-3.641512195797833
Cu2I2S3P4-242cb6c03b99,-6.618117177197616,-3.9263314910522316
Ga2Mg2Se5-615237e330fa,-5.530034730874082,-4.2725877237964385
In2Mg2Se5-8105800b56f5,-5.7116414353028215,-4.212334525965748
In8Se12-3f400c8308ca,-6.064377339775701,-3.9836118876572897
Sn4Sb8-0dd5fa390486,-4.774165532718143,-3.6699708633645605
O4As8Se8-fca73bbf1d8f,-6.045128836324958,-3.4880163528951442
Ta2Cl4S4-6e3c6b6bedf1,-5.760160221096381,-3.3378577582404576
Ta2I4Se4-506bd2f50849,-5.297879358663154,-3.5896720915196054
CdI2S2Sn2-1025fc3e9206,-5.79674777608641,-3.179396594532399
PbSb2Se4-dbf43c311412,-5.92015914432923,-5.049634948706949
Br2Nb4S12-154ac88659de,-5.46394951852297,-4.616060585651039
Te2Ag4O12-ef48b8b9356e,-9.061481071649467,-7.260464578146222
Cl2Re6S8-06e65dbb5c7b,-7.249343175163168,-4.928530423019769
STa3I7-873cc4b6de53,-5.1917111107590745,-3.8962402667700644
Al2Ge2S2-77c0b97aafb0,-4.264517334408162,-3.4294293503492215
Al2Si2Te2-550d6568bf5a,-5.257152203840205,-3.152198152590557
Au4Cl4S4-92c81db32a27,-7.875601678148756,-5.525269956978827
Br4Ga4Te4-cdd16fadfec0,-6.721074084378813,-3.9737004949560237
Br2Ir2Se2-8605c05a85b8,-5.878024706787704,-3.8108080641878974
Cl2Rh2S2-60a544b31632,-6.792110598494226,-4.522204180138993
F2O2Rh2-dcf053cf9610,-7.537911389567014,-6.408862331822114
Ga2I2S2-72fa67f2d3c1,-6.01482640196107,-4.067773589956996
Ag2F2Se4-e07f21c5f716,-6.59988004729041,-4.157414236997641
K4Se4S8-fd5fbc7ab7ef,-5.498726990975219,-3.6171438655533823
AuVP2Se6-9745751ddfc1,-5.756867352952464,-4.044877448112036
CoNaAs2Se6-3f3e7c66e79f,-6.099348268907395,-4.804156907891342
Al2Si2Se6-75f19afb2e77,-6.49188576144113,-3.502317343081823
Cr2Sb2Se6-8451824ea8b7,-5.152056491472026,-4.0289115163425935
Rh2Sb2O6-2310e8bacd7f,-5.313352848127108,-2.509372607266116
Ge2Hf2S8-bc136eb07e3c,-5.843136066291948,-3.8373725358798993
HfPdI6-13a230577ff1,-6.128983477343398,-4.760779385728135
Li2Ta2I12-5bae79b5f531,-6.319602208881335,-4.357976520269548
PdZrCl6-438e571d127b,-7.749010358595948,-5.31535749773842
Ag2Br2Hg2S2-b2d7b6303c8c,-6.834854283486598,-4.471774117521114
Au2Br2Hg2Te2-639901d29625,-5.509440566694487,-4.371094903977863
Au4Cl4H4S4-a0af4b8da31e,-7.600925216855675,-5.505622326647286
Cd2Cu2I2Se2-aaa7b345a078,-6.209136206508291,-3.7114948917250317
As4F4Sr4S8-7b312bb8cb45,-6.597397462884114,-3.8904395996676415
Ba4F4P4S8-3dd240dd235e,-6.59542892276645,-3.635441671310458
Cl4Sb4Sr4S8-ab0e7e7ba02a,-6.179521493415144,-3.3171430518111293
H2P2Pb2S6-c007a923dc98,-6.686511278300012,-3.8692359527829696
C2Rb2Se2H6S6-72624c3f4604,-5.058433887345076,-3.2490329449375706
Cl2Cu2N2C6F8-1a4a9180547d,-7.311647899915787,-5.0059294711314815
Cs2N2Os2S2F10-1958145d16df,-6.705518803453579,-4.180432457769571
N2Na2Ru2S2Cl10-2dbb3574fb0b,-7.000596919227339,-5.5730666752800655
Ga2S3-675384a5788f,-6.1569641270198465,-3.770334684989624
Tl4Se5-72025f53ab0a,-4.8507185627406795,-3.0421047463888966
Ag5I5-a81b9fe584df,-6.174450316254534,-3.330520553153289
O5Pb5-dcd4cb420d16,-5.455961490453129,-2.499176257697966
Ag6I12-93df3de0b4f3,-6.524528505104495,-4.568169123272775
O2Rb4-1919de57b43a,-2.752791887242034,-1.1544902789614822
S2Cu4-adf08ccb8a4f,-6.693873375037358,-5.2516205376553975
Hf2Cl4S4-1f66806ca8f9,-6.751437119189779,-3.8012873374883487
Sc2I4S4-2f4d078f06ed,-6.467952975701634,-4.600064569242658
Y2Br4Se4-5d0ad34dfc62,-6.65400716478754,-4.614482000645192
Ag2Te2Tl2-9c3f20205e78,-3.9898152261156974,-2.762202154061988
As4Mg4Rb4-0bf52acae406,-2.024989484888469,-1.1211153522210893
Br4Ga4Se4-a7fbce753705,-7.387718274474333,-4.558671355001235
Cu2K2Se2-f3badda155a2,-4.452247627980232,-1.494989564329159
F2Rh2Se2-dd8949f31a08,-7.393320367535126,-4.935132201896761
I2Sc2Te2-73342bac95ed,-5.496906580675358,-3.2805827538091803
Li2Rb2Se2-329048e94732,-2.8411936737771186,-0.8307960224663955
Al2H2S4-7b49e7c929a3,-6.055366789420691,-3.1257715655927436
Al2B2S6-3becc78c8aba,-6.941732707153916,-5.238489680740124
Al8Te12-6ccd268070a5,-5.335467755876156,-2.8944843407349596
Nb2Br4S4-e898d621cf1d,-5.940059605837901,-3.475388413054775
TeNb3Cl7-eaf57194260a,-5.545603868649222,-4.004023915796466
AgInP2Se6-f531326aab15,-5.996045309810088,-4.288915475956844
Ge2S2-39b7591bd3cb,-5.763533971151871,-3.275023874913469
Pd2I4-9010282c8eb4,-6.191866563607552,-4.720158092608002
Ag2Se2-248fffac5959,-6.228526105367772,-5.049851812789583
Al2Se2-129a514b51ad,-6.313186709574252,-3.592605909171416
Ga2Te2-55c23ca88a05,-5.531305005162865,-3.6697696447565264
GeTe-eadd37f03ca5,-5.272574865360717,-3.278465506821731
In2Se2-178396d52e5c,-6.351238811291584,-4.388719514288134
S2Sn2-7a8373382b33,-5.021576018953706,-3.035031088429286
CoBr2-807b6a88f950,-7.136519186495955,-4.309723283518883
PbO2-e2a7fd3e05fc,-9.299457524620458,-6.9586043005217295
Pd2Se4-12f02221b8c5,-6.089099072586755,-4.040679101003351
SnBr2-a41087b2c98b,-7.025970298721098,-4.158896484603823
SnSe2-2c6d4c024ca0,-6.454981122164982,-5.121564043906929
Tl2Cl4-30ddf92eb9d6,-8.037673728972127,-5.218144960356573
ZrI2-9c024b5a2e89,-3.3487651177389255,-2.3104846032479394
SBi2Se2-489b3230e427,-6.384251367748936,-5.52686297783949
MoCu2Se4-2b6237b24f79,-6.165428530372644,-4.041863107487668
Bi2Br6-2a1d71d82f8a,-7.819132374742764,-4.996643187730827
Zr2Se6-150e33f95933,-5.641503835080974,-4.6106874759623775
WMo3Se8-05a06afa3b20,-5.233301455045748,-3.4482215534178113
AsITe-b6d803aafe3a,-5.645513472109014,-4.143021097293174
Bi2Br2S2-9e8786952b94,-7.239981436198823,-5.61889603881947
BiClSe-a80866a2c6b4,-7.012272776667779,-5.503245600786076
BiITe-2d41b3dd1772,-5.994217549897787,-5.065429834641772
Br2Ir2S2-c0fadae216ee,-5.839461087119841,-4.660964968177495
Cl2Cr2Se2-fb83a5a9c5f2,-6.519611150186097,-5.606045527519409
I2In2Se2-597a69fb8eaf,-6.566429600097745,-4.663184407799487
Au2I2Te4-2f737d1570ba,-5.613739960480828,-4.2629208096366815
Bi2P2S6-287dcf4f1a19,-6.043933449123765,-4.728058100535225
P2Pb2Se6-1811d52ac455,-6.040691648254874,-4.318577331278631
Cr2W2Te8-62bb754c4cb2,-4.578110561624594,-3.7017260504688574
CoZrBr6-47a72745bf3d,-7.243345451525102,-4.547775765120463
SeMo2Br5-5197393a6f0c,-5.87869542961961,-4.5408125258500425
ZnNi3H4O8-5eb788f2a00b,-5.822756334905215,-4.1134929109868335
AlISe-888214c33a68,-6.14926606272479,-3.9631347278156914
BrITl2-005d3021338b,-5.4026002906813115,-2.8153463671244388
STeGe2-620158b58eb8,-4.482925628557565,-3.267019881601615
BrIIn2Se2-31057ee5c7ee,-6.623953665079669,-4.791367759298979
SSeI2V2-c86af04983a9,-5.253727885228231,-4.5441112218507556
GaInP2Se2S4-b6c61504a8ce,-5.743400018004456,-4.177808812020641
SSeHf2I4-4ec715cd4ee6,-6.556832612420054,-3.673942176349708
HfZrPd2I4S4-ff922eded513,-6.357652985464746,-4.432508684372481
PtSeMn2S5-d24bcd925535,-6.167684764447406,-4.700613504230383
TiZrHf2Br8-d49d68992387,-4.381610938936986,-3.226902103760189
AuClPdSe-3a6b4835fb2b,-6.072326911201651,-4.449271460007048
BrISCd2-46306e747513,-6.257124412006119,-4.541712745789143
GeSZnBr2-d4e053e63f94,-6.565767009193708,-4.041698788105384
AuBrTlI3-6c77c87c7c7a,-6.517889014756112,-5.243038424372147
BrClCrRhS2-a7fe4366d3bd,-6.864855123983597,-5.670795033504649
Au2I2Se3P4-af6ddaf6aa6b,-5.979609728917399,-3.8074609379622526
Cu2I2S3Sb4-a494da7b7218,-5.861127023201526,-3.629739026645019
Cr2H2O5-1585b21cac3e,-6.356319817477843,-5.089841644230328
In2Mg2Te5-562fdbc9fc3c,-4.882106621613846,-3.88654214476471
As4S6-8d6c137daf75,-6.4487875638075405,-3.5598734123334976
Ni4Br8-251a271fefdf,-7.261111618248,-5.087010860432831
SiSe2-39186e1b0384,-5.427997652088774,-3.347878981601502
Ti2Br4-1a30cc29d519,-4.305754707343601,-3.48835963266913
CH2Sc2-91e7dc9867f0,-5.409862035835667,-3.4008672181143393
Ta2Cl4Se4-19cbd910ea48,-5.35435005457076,-3.707608965292156
Ta2I4Te4-b354555787d3,-4.929891222283206,-3.752712162511161
Ba2Bi4S8-0c5746276924,-5.620831922582093,-3.3073932648351256
Zn2P4S8-8d5af177ceee,-6.4757673006387755,-3.716970173095053
Br2Nb4Se12-cfd6e6891a2f,-5.255242246762053,-4.189794027822755
PdK2H6S6-6e3157b6b835,-6.093487688533005,-3.2958184036692373
Mo2Br6-061630b6dd53,-6.419899254778789,-3.567029647495038
Cl2Re6Te8-f4efa56fb426,-5.618338813714322,-4.656877122171562
SeNb3Br7-47d81fac3726,-5.553957056954673,-4.077293661602766
Al2Ge2Se2-e1ee7e3111be,-4.672604687858436,-3.4327305259230863
Au4Cl4Se4-0905650f2c3b,-7.50256901583128,-5.272497870109589
BiFTe-651254f52469,-5.554571829081874,-4.375929664501143
Br2Ir2Te2-2d942ffea5b6,-5.726891256543956,-3.857680051331287
Cl4Cu4S4-391362d71a4d,-7.989500115270788,-6.439273226808965
Cl2Rh2Se2-c1a5acd59fe5,-6.5816039053291755,-4.311040561912641
Co2F2O2-18e5ea8baaa0,-8.229820769597566,-6.83983071529342
F2Rh2Se2-29f66baa1f9f,-6.6577157117142685,-4.434641557380317
Ga4I4S4-e17dcea60692,-6.491363464099817,-3.521351862399168
Ge4Sb4Te4-b379e6a05213,-5.309076402081358,-3.672687706487663
S4Sb4Si4-c32ff16e0481,-5.9650844157833784,-3.0431240043921486
As4Li4S8-f8d82c1e6070,-6.102389525258705,-4.229005567455963
I2Ta2O4-6f2944ef50ca,-6.066055168791923,-4.310713856439932
AgBiP2Te6-94581cff3ceb,-5.297910013425661,-4.2229897764660205
AgCrP2S6-6ee5087d871b,-6.541437738455844,-4.529432005204849
AuCrAs2Se6-df1b1c958114,-5.6379127657510475,-4.296625611694329
InNaP2Se6-aecc352cbc3a,-6.50586187149637,-3.896348409160429
Al2Ge2Se6-4e13f8ec6a91,-6.370845438056443,-3.9625363524056807
Pt2S2O6-1eb8c8cda495,-6.405142393862307,-3.429023808672488
Ge2Hf2Se8-b6d0b42041d6,-5.432581649329164,-3.6737961293924672
Si2Zr2Se8-d2ce5f4a1f43,-5.390501531626507,-3.603516623606521
Ag2Br2Hg2Se2-d17cf2540038,-6.649246589209504,-4.382850148930711
Ag2Cd2I2S2-c0cd5afefa15,-6.272519817358932,-3.7231793469399714
Br4Cu4H4O4-2e85c49ba959,-7.877888502757102,-5.734757140201945
Cd2Cu2I2Te2-202f843bdc8a,-5.933762691652182,-3.447479125493214
As4F4Sr4Se8-5dd3457b562a,-6.174005364697244,-4.1976498248765015
Ba4Bi4Cl4S8-70fda3c9e901,-5.949842071842578,-3.3488484480136487
Ba4F4P4Se8-9793b6184696,-6.301055121401035,-3.754312270812968
Cl4Sb4Sr4Se8-f15883744106,-5.854837090372376,-3.7109825124195566
As2C2Pb2H6S6-dab92ed6824d,-6.052996489933667,-3.088623063889461
Cs2N2Ru2S2F10-b771aeb5e348,-6.767134709769815,-4.187894212459614
Al4Se6-5f5967159e45,-6.501285684202116,-4.467657602047001
Ga2Se3-c72f1046109e,-5.480648664058102,-3.854698632532105
P2Hg3-e4b7b6a3449a,-4.399660973664675,-3.6173524936389345
I6In6-2c8f6ac5bc98,-5.345447589068395,-3.407585878341033
S6Cu12-718cd24d9d45,-6.140311054841952,-4.54281825613595
Hf2Cl4Se4-55aa0e86f8d2,-6.32408358358429,-3.7849024252122403
Sc2I4Se4-69099b7ec725,-6.30881058389805,-4.500077513835203
Br2Hg2I2-8c43c7918a76,-6.902391693340852,-4.416028021565415
Cu4K4Te4-2e1631d62b68,-4.539109457092462,-1.953864757503934
Li2S2Tl2-100e5e235bc9,-5.125288144181627,-2.6923971867759517
Ge2Sb2Te6-0af086b65c11,-5.173799987445057,-4.232715522416016
NiGa2S4-e701ba2c76a0,-5.579878803829887,-3.619102576335371
Nb2Br4Se4-f4b12fb88150,-5.540160527770286,-3.6741337451177456
Nb2Cl4S4-faa320ed4828,-5.976810392425257,-3.450924748786494
Ge2Se2-a1b0a493b3e8,-5.672681205518838,-3.236383492940627
OVI2-3d18780fb0f3,-5.782588961784235,-3.9335390979140303
Br2Cl2Ti2-39f07dbfb0b0,-4.487677210825275,-3.5682827338960212
Al2Se2-136900211245,-6.282708539700728,-3.416673992390232
Br2In2-d38747f97b6c,-6.408185251149993,-4.634016593329413
Cu2O2-7ee25fce4d7e,-7.050604574523934,-6.037353168148471
H2Si2-8d6b4834e8cd,-5.573732235692856,-2.712177025035101
CoCl2-2f828537d676,-7.3012570024336325,-4.634417399216733
HfBr2-84e9162c0c53,-3.5016042591421557,-2.275124274897622
PtSe2-d000f0288397,-5.842897117563981,-4.20706409121957
Re4S8-627997a105e1,-6.067616616245769,-4.21399590856779
ScBr2-78039e746a9a,-3.7371733642533074,-2.980502232532151
Ti2Cl4-66087709613c,-4.636791052068256,-3.657959390194879
TeS2Sb2-df38f9c3a56d,-6.20379063557688,-4.861855343269577
MoCu2Te4-27e4c4f1ee97,-5.211252387060189,-3.981294302324406
Al2I6-c16b24ee2d30,-6.443720689168128,-3.4884088499539283
Bi2Br6-2b3b022fdf0a,-7.786552389173174,-5.187324084319538
Co2I6-04fd9e7d4375,-6.040484868791115,-4.163985627172803
Ir2Br6-c59955626932,-6.438966969943582,-3.5463328858870233
Ti2Br6-e43fad8616c0,-5.118785551592204,-4.047306634291286
MoCr3Te8-899032b4ad0c,-4.661133017665779,-3.7681546827395125
WMo3Te8-323fb700d903,-4.733540229784078,-3.4071929291660945
Al2I2S2-57fa2b38763c,-6.489817830502092,-4.050194408685924
AsClTe-4fd8ad708fb0,-6.53577959667081,-4.389157503428484
BiClTe-968a6902b7f5,-6.3918981516197615,-5.193623388341575
BrITi-233dbbf8f473,-3.4137472050511035,-2.376633347258702
ClSSb-9188c300265c,-6.916211539886085,-4.923605618886049
MoSSe-de7ac5fc6945,-5.663596352570959,-3.7146722147607782
Br2Cu2S4-1d7274dec874,-7.391230879968083,-5.188269807422444
Bi2P2Se6-aa9a981d89aa,-5.438055749800943,-4.273790392010721
P2Sc2S6-bc8b8c21ad4f,-5.462587365066762,-3.7003009168590952
Cl2V2O3-5edd074cb29d,-6.373612298009288,-4.517930582056583
Se2Bi6S7-1acb8bc95bdf,-6.83041045455393,-5.846280028688291
SeI2Mn2-e18785ea4101,-5.723384652093546,-3.369275579437147
As2I2S2-73a8457f7c75,-6.466416210607617,-4.169464589339123
IRhSe-aff063b8a3d9,-5.631789996276521,-4.206408377404041
STeIn2-2c94ca86c8df,-5.561899241127824,-4.420653350134472
BrIIr2S2-ef8db90f2009,-5.506982513701475,-4.462231506676607
FeMgBr2O2-be70f4f200e9,-7.124588355737412,-6.369197758830806
CuMnS2I3-0c275eeca018,-6.401950751295647,-5.662196463840409
GaMnCl2Br4-52532cd06e53,-7.507261361864585,-5.67514093914674
BrHfZr3Cl7-836e0ec3397e,-4.662621005351452,-3.4822403861712186
Ir2Ni2S8-f7d6964e2548,-6.37007179492572,-5.00663643734322
LiNbBr6-474615ff7ca5,-7.775432537454774,-4.838693042664984
F2Se2V2O7-e3c29d1fdea6,-7.0140695193541776,-4.10743445247122
Br2Cu2Te3As4-4cbfe21460d8,-6.061672064983544,-4.20363893357904
Cu2I2Se3As4-791ca70ab372,-6.21767313524077,-3.9355564128197673
In4Te6-fcb1649610a4,-5.744339374949126,-4.748951419564452
Ga2Se2-b32262ec9841,-5.73410291890923,-3.4748992955053497
In2Te2-b47732066f83,-5.22814296821423,-3.6560653425814706
Au4F8-e5ab7cf5c55f,-7.632830358697697,-6.3467674007861135
In2Pt4S6-237edc6eec75,-5.886312397903454,-3.5807407901512156
FeAl2S4-d96fff317e83,-5.144100502675943,-2.5650700152343684
MoCu2S4-068b648ddf11,-6.841780514074504,-4.22520316729846
Sr2I4O8-3f151ebb9a13,-4.963228910122388,-1.9956857411258913
Br2Nb4Te12-2dd7ff4f0b9b,-4.938700855885684,-3.758440866397038
F2Re6S8-e69a550780ce,-7.260325354313199,-4.876042276874879
SeNb3Cl7-3117eea22d12,-5.737554046534385,-4.136555933584557
Os2Cl8-13891f62a3d4,-6.952131776006532,-5.942188747149655
Al2Ge2Te2-00af4b07eb44,-5.034222569799971,-3.6662711325397312
As4Ge4S4-210b8892b762,-6.441560995899096,-3.597108514820797
As4S4Sn4-81cbb6fd1519,-6.4553600891565885,-4.000756304211388
Cl4Cu4Se4-f67574b15c69,-7.625184341490233,-6.1707907012667
Cl2In2Te2-dfae195faaad,-7.172611377979381,-4.550575368163263
Cl4Ni4S4-dfe650e8728f,-7.27127609199038,-5.362496590090374
F2Rh2Te2-94e5f2590af6,-6.307221860708952,-4.192457032214566
Ga2I2Se2-9adf25068667,-6.192895652279082,-4.189614744444038
Ge2In2S2-20cb5cb39326,-5.705744611034613,-4.791713964256788
I2In2S2-8d77f890bcfb,-6.436441868554767,-4.608914632475803
As4Li4S8-3894602b4c17,-6.111789339867493,-4.2292252222405375
AgAlAs2Se6-ab32a2e266ac,-5.938899835424797,-4.362214840874862
AgGaP2S6-bcced7d1804e,-6.607282000990524,-4.32264320842445
AlNaAs2S6-cd8ac54cc7d2,-6.967729962965944,-4.457327064797663
Au2Sb2S6-cbb209dd8ec2,-6.606822390341376,-4.560895572967723
C2Rb2O6-bb55b4d570d3,-8.119228824889074,-5.4461347566336205
Pt2S2O6-606fb68713c5,-6.029151508988674,-3.705168255651646
H2Te2Li6S8-580bfc8a6fc9,-5.901968976507883,-2.9099488942132288
Si2Zr2Te8-5ae31a2f2244,-4.81617603400018,-3.624838900094238
Ag2Br2Hg2Te2-77dd09861730,-6.114170500488286,-3.856864320288702
Ag2Cd2I2Se2-10f88815c615,-6.1106244347310925,-3.8968672663163875
As4F4Sr4Te8-08d8de7608c1,-5.4600310288130105,-4.455652638867369
Cl4Sb4Sr4Te8-563cef898aa5,-5.661619177160512,-4.358994141193416
Cu2I2N2C6F8-af08efc32ad5,-6.50633025098401,-4.884891936106073
H2In2Te2S8-a5bb78204b4d,-6.558731310825734,-3.658988630578817
N2O2Os2Rb2Cl10-91b252d8de44,-7.671846731602574,-5.9210706350780224
